2026-09-27 00:00:30 - __main__ - INFO - Reprocessing-Fortschritt: status=running, gesamt=98920, versucht=42, abgeschlossen=41, fehlgeschlagen=0, fehlend=0, in_arbeit=1, offen=98879
2026-09-27 00:01:30 - __main__ - INFO - Reprocessing-Fortschritt: status=running, gesamt=98920, versucht=42, abgeschlossen=41, fehlgeschlagen=0, fehlend=0, in_arbeit=1, offen=98879
2026-09-27 00:02:30 - __main__ - INFO - Reprocessing-Fortschritt: status=running, gesamt=98920, versucht=42, abgeschlossen=41, fehlgeschlagen=0, fehlend=0, in_arbeit=1, offen=98879
2026-09-27 00:03:30 - __main__ - INFO - Reprocessing-Fortschritt: status=running, gesamt=98920, versucht=42, abgeschlossen=41, fehlgeschlagen=0, fehlend=0, in_arbeit=1, offen=98879
2026-09-27 00:04:13 - filemind.integrations.ai_naming.ollama - INFO - Bildbeschreibung für DSC_0111_1.JPG: Die Aufnahme zeigt einen Sonnenuntergang über dem Meer mit Palmen und einer weißen Struktur im Vordergrund.
2026-09-27 00:04:27 - filemind.routing.router - INFO - Rohes Smart-Name-Ergebnis: 'sonnenuntergang_palme_wasser_struktur'
2026-09-27 00:04:27 - filemind.routing.router - INFO - AI-Naming schlägt vor: 2015-10-05_sonnenuntergang_palme_wasser_struktur.jpg
2026-09-27 00:04:30 - __main__ - INFO - Reprocessing-Fortschritt: status=running, gesamt=98920, versucht=42, abgeschlossen=41, fehlgeschlagen=0, fehlend=0, in_arbeit=1, offen=98879
2026-09-27 00:05:30 - __main__ - INFO - Reprocessing-Fortschritt: status=running, gesamt=98920, versucht=42, abgeschlossen=41, fehlgeschlagen=0, fehlend=0, in_arbeit=1, offen=98879
2026-09-27 00:06:02 - filemind.integrations.ai_naming - WARNING - KI-Ortserkennung lieferte kein gültiges JSON; Ortsangaben verworfen
2026-09-27 00:06:02 - filemind.routing.router - INFO - Klassifizierung: 00126.CPI -> other (Vertrauen: 0.50)
2026-09-27 00:06:02 - filemind.integrations.ai_naming - INFO - Generiere Namen für: 00126.CPI (Typ: other)
2026-09-27 00:06:02 - filemind.routing.router - INFO - Rohes Smart-Name-Ergebnis: 'datei_00126'
2026-09-27 00:06:02 - filemind.routing.router - INFO - AI-Naming schlägt vor: 2012-09-08_datei_00126.cpi
2026-09-27 00:06:02 - filemind.integrations.metadata_extractor - INFO - Metadaten verarbeitet: 00126.CPI -> file_cpi_20120908_204210_526b
2026-09-27 00:06:30 - __main__ - INFO - Reprocessing-Fortschritt: status=running, gesamt=98920, versucht=44, abgeschlossen=43, fehlgeschlagen=0, fehlend=0, in_arbeit=1, offen=98877
2026-09-27 00:07:02 - filemind.integrations.ocr - INFO - OCR erfolgreich für 'DSC_0664.JPG' - erkannter Text-Länge: 0
2026-09-27 00:07:02 - filemind.classification.classifier - INFO - Bildentscheidung: DSC_0664.JPG | OCR-Wörter=0 (Dokument-Schwelle >= 15) | Farbigkeit=nicht ermittelt (Dokument-Schwelle <= 13.0; bei zu wenig OCR-Text nicht geprüft) | Ergebnis=Foto | Grund=zu wenige OCR-Wörter und kein Scan-/TIFF-Fallback
2026-09-27 00:07:02 - filemind.routing.router - INFO - Klassifizierung: DSC_0664.JPG -> real_image (Vertrauen: 0.90)
2026-09-27 00:07:02 - filemind.integrations.ai_naming - INFO - Generiere Namen für: DSC_0664.JPG (Typ: real_image)
2026-09-27 00:07:30 - __main__ - INFO - Reprocessing-Fortschritt: status=running, gesamt=98920, versucht=44, abgeschlossen=43, fehlgeschlagen=0, fehlend=0, in_arbeit=1, offen=98877
2026-09-27 00:08:30 - __main__ - INFO - Reprocessing-Fortschritt: status=running, gesamt=98920, versucht=44, abgeschlossen=43, fehlgeschlagen=0, fehlend=0, in_arbeit=1, offen=98877
2026-09-27 00:09:30 - __main__ - INFO - Reprocessing-Fortschritt: status=running, gesamt=98920, versucht=44, abgeschlossen=43, fehlgeschlagen=0, fehlend=0, in_arbeit=1, offen=98877
2026-09-27 00:10:30 - __main__ - INFO - Reprocessing-Fortschritt: status=running, gesamt=98920, versucht=44, abgeschlossen=43, fehlgeschlagen=0, fehlend=0, in_arbeit=1, offen=98877
2026-09-27 00:11:30 - __main__ - INFO - Reprocessing-Fortschritt: status=running, gesamt=98920, versucht=44, abgeschlossen=43, fehlgeschlagen=0, fehlend=0, in_arbeit=1, offen=98877
2026-09-27 00:12:30 - __main__ - INFO - Reprocessing-Fortschritt: status=running, gesamt=98920, versucht=44, abgeschlossen=43, fehlgeschlagen=0, fehlend=0, in_arbeit=1, offen=98877
2026-09-27 00:12:37 - filemind.integrations.ai_naming.ollama - INFO - Bildbeschreibung für DSC_0664.JPG: Eine Frau mit roten Haaren und Brille sitzt unter einer Säule in einem hellen, architektonisch gestalteten Hofbereich, der von hohen Säulen und Bogen umgeben ist.
2026-09-27 00:13:30 - __main__ - INFO - Reprocessing-Fortschritt: status=running, gesamt=98920, versucht=44, abgeschlossen=43, fehlgeschlagen=0, fehlend=0, in_arbeit=1, offen=98877
2026-09-27 00:14:05 - filemind.routing.router - INFO - Rohes Smart-Name-Ergebnis: 'frau_rote_haar_brille_saal'
2026-09-27 00:14:05 - filemind.routing.router - INFO - AI-Naming schlägt vor: 2013-10-16_frau_rote_haar_brille_saal.jpg
2026-09-27 00:14:30 - __main__ - INFO - Reprocessing-Fortschritt: status=running, gesamt=98920, versucht=44, abgeschlossen=43, fehlgeschlagen=0, fehlend=0, in_arbeit=1, offen=98877
2026-09-27 00:15:30 - __main__ - INFO - Reprocessing-Fortschritt: status=running, gesamt=98920, versucht=44, abgeschlossen=43, fehlgeschlagen=0, fehlend=0, in_arbeit=1, offen=98877
2026-09-27 00:15:41 - filemind.integrations.ai_naming - WARNING - KI-Ortserkennung lieferte kein gültiges JSON; Ortsangaben verworfen
2026-09-27 00:15:41 - filemind.routing.router - INFO - Klassifizierung: 00235_mts.HDP -> other (Vertrauen: 0.50)
2026-09-27 00:15:41 - filemind.integrations.ai_naming - INFO - Generiere Namen für: 00235_mts.HDP (Typ: other)
2026-09-27 00:15:41 - filemind.routing.router - INFO - Rohes Smart-Name-Ergebnis: 'datei_00235_mts'
2026-09-27 00:15:41 - filemind.routing.router - INFO - AI-Naming schlägt vor: 2018-08-19_datei_00235_mts.hdp
2026-09-27 00:15:41 - filemind.integrations.metadata_extractor - INFO - Metadaten verarbeitet: 00235_mts.HDP -> file_hdp_20180819_105651_2.4kb
2026-09-27 00:15:41 - filemind.routing.router - INFO - Klassifizierung: __init__.py -> other (Vertrauen: 0.50)
2026-09-27 00:15:41 - filemind.integrations.ai_naming - INFO - Generiere Namen für: __init__.py (Typ: other)
2026-09-27 00:15:41 - filemind.routing.router - INFO - Rohes Smart-Name-Ergebnis: 'datei___init__'
2026-09-27 00:15:41 - filemind.routing.router - INFO - AI-Naming schlägt vor: 2026-01-31_datei___init__.py
2026-09-27 00:15:41 - filemind.integrations.metadata_extractor - INFO - Metadaten verarbeitet: __init__.py -> file_py_20260131_075818_0b
2026-09-27 00:15:42 - filemind.routing.router - INFO - Klassifizierung: 09-13-2012_173146.pmpd -> other (Vertrauen: 0.50)
2026-09-27 00:15:42 - filemind.integrations.ai_naming - INFO - Generiere Namen für: 09-13-2012_173146.pmpd (Typ: other)
2026-09-27 00:15:42 - filemind.routing.router - INFO - Rohes Smart-Name-Ergebnis: 'datei_09-13-2012_173146'
2026-09-27 00:15:42 - filemind.routing.router - INFO - AI-Naming schlägt vor: 2012-10-02_datei_09132012_173146.pmpd
2026-09-27 00:15:42 - filemind.integrations.metadata_extractor - INFO - Metadaten verarbeitet: 09-13-2012_173146.pmpd -> file_pmpd_20121002_144318_2.3kb
2026-09-27 00:15:42 - filemind.routing.router - INFO - Klassifizierung: 1.3.46.670589.11.42025.5.0.7344.2022102618215176128.dcm -> other (Vertrauen: 0.50)
2026-09-27 00:15:42 - filemind.integrations.ai_naming - INFO - Generiere Namen für: 1.3.46.670589.11.42025.5.0.7344.2022102618215176128.dcm (Typ: other)
2026-09-27 00:15:42 - filemind.routing.router - INFO - Rohes Smart-Name-Ergebnis: 'datei_1.3.46.670589.11.420'
2026-09-27 00:15:42 - filemind.routing.router - INFO - AI-Naming schlägt vor: 2023-02-26_datei_134667058911.dcm
2026-09-27 00:15:42 - filemind.integrations.metadata_extractor - INFO - Metadaten verarbeitet: 1.3.46.670589.11.42025.5.0.7344.2022102618215176128.dcm -> file_dcm_20230226_181826_523.4kb
2026-09-27 00:15:42 - filemind.routing.router - INFO - Klassifizierung: I9000054 -> other (Vertrauen: 0.50)
2026-09-27 00:15:42 - filemind.integrations.ai_naming - INFO - Generiere Namen für: I9000054 (Typ: other)
2026-09-27 00:15:42 - filemind.routing.router - INFO - Rohes Smart-Name-Ergebnis: 'datei_I9000054'
2026-09-27 00:15:42 - filemind.routing.router - INFO - AI-Naming schlägt vor: 2024-10-29_datei_i9000054
2026-09-27 00:15:42 - filemind.integrations.metadata_extractor - INFO - Metadaten verarbeitet: I9000054 -> file__20241029_083835_244.7kb
2026-09-27 00:15:42 - filemind.routing.router - INFO - Klassifizierung: MOV018_1.avi -> video (Vertrauen: 0.98)
2026-09-27 00:15:42 - filemind.integrations.ai_naming - INFO - Generiere Namen für: MOV018_1.avi (Typ: video)
2026-09-27 00:15:42 - filemind.routing.router - INFO - Rohes Smart-Name-Ergebnis: 'video_MOV018_1'
2026-09-27 00:15:42 - filemind.routing.router - INFO - AI-Naming schlägt vor: 2011-05-16_video_mov018_1.avi
2026-09-27 00:15:42 - filemind.integrations.metadata_extractor - INFO - Metadaten verarbeitet: MOV018_1.avi -> video_20110516_214639_3mb
2026-09-27 00:15:42 - filemind.integrations.ocr - ERROR - Nicht unterstütztes Format: .NEF
2026-09-27 00:15:42 - filemind.classification.classifier - INFO - Bildentscheidung: DSC_8853.NEF | OCR-Wörter=0 (Dokument-Schwelle >= 15) | Farbigkeit=nicht ermittelt (Dokument-Schwelle <= 13.0; bei zu wenig OCR-Text nicht geprüft) | Ergebnis=Foto | Grund=zu wenige OCR-Wörter und kein Scan-/TIFF-Fallback
2026-09-27 00:15:42 - filemind.routing.router - INFO - Klassifizierung: DSC_8853.NEF -> real_image (Vertrauen: 0.90)
2026-09-27 00:15:42 - filemind.integrations.ai_naming - INFO - Generiere Namen für: DSC_8853.NEF (Typ: real_image)
2026-09-27 00:16:30 - __main__ - INFO - Reprocessing-Fortschritt: status=running, gesamt=98920, versucht=51, abgeschlossen=50, fehlgeschlagen=0, fehlend=0, in_arbeit=1, offen=98870
2026-09-27 00:17:30 - __main__ - INFO - Reprocessing-Fortschritt: status=running, gesamt=98920, versucht=51, abgeschlossen=50, fehlgeschlagen=0, fehlend=0, in_arbeit=1, offen=98870
2026-09-27 00:18:30 - __main__ - INFO - Reprocessing-Fortschritt: status=running, gesamt=98920, versucht=51, abgeschlossen=50, fehlgeschlagen=0, fehlend=0, in_arbeit=1, offen=98870
2026-09-27 00:19:30 - __main__ - INFO - Reprocessing-Fortschritt: status=running, gesamt=98920, versucht=51, abgeschlossen=50, fehlgeschlagen=0, fehlend=0, in_arbeit=1, offen=98870
2026-09-27 00:20:30 - __main__ - INFO - Reprocessing-Fortschritt: status=running, gesamt=98920, versucht=51, abgeschlossen=50, fehlgeschlagen=0, fehlend=0, in_arbeit=1, offen=98870
2026-09-27 00:21:30 - __main__ - INFO - Reprocessing-Fortschritt: status=running, gesamt=98920, versucht=51, abgeschlossen=50, fehlgeschlagen=0, fehlend=0, in_arbeit=1, offen=98870
2026-09-27 00:22:30 - __main__ - INFO - Reprocessing-Fortschritt: status=running, gesamt=98920, versucht=51, abgeschlossen=50, fehlgeschlagen=0, fehlend=0, in_arbeit=1, offen=98870
2026-09-27 00:23:30 - __main__ - INFO - Reprocessing-Fortschritt: status=running, gesamt=98920, versucht=51, abgeschlossen=50, fehlgeschlagen=0, fehlend=0, in_arbeit=1, offen=98870
2026-09-27 00:24:30 - __main__ - INFO - Reprocessing-Fortschritt: status=running, gesamt=98920, versucht=51, abgeschlossen=50, fehlgeschlagen=0, fehlend=0, in_arbeit=1, offen=98870
2026-09-27 00:25:30 - __main__ - INFO - Reprocessing-Fortschritt: status=running, gesamt=98920, versucht=51, abgeschlossen=50, fehlgeschlagen=0, fehlend=0, in_arbeit=1, offen=98870
2026-09-27 00:26:30 - __main__ - INFO - Reprocessing-Fortschritt: status=running, gesamt=98920, versucht=51, abgeschlossen=50, fehlgeschlagen=0, fehlend=0, in_arbeit=1, offen=98870
2026-09-27 00:27:30 - __main__ - INFO - Reprocessing-Fortschritt: status=running, gesamt=98920, versucht=51, abgeschlossen=50, fehlgeschlagen=0, fehlend=0, in_arbeit=1, offen=98870
2026-09-27 00:28:28 - filemind.integrations.ai_naming.ollama - INFO - Bildbeschreibung für DSC_8853.NEF: Die Hauptfigur des Fotos sind mehrere Seelöwen, die sich auf einer Betonplattform und am Rand eines Gewässers befinden.
2026-09-27 00:28:30 - __main__ - INFO - Reprocessing-Fortschritt: status=running, gesamt=98920, versucht=51, abgeschlossen=50, fehlgeschlagen=0, fehlend=0, in_arbeit=1, offen=98870
2026-09-27 00:28:43 - filemind.routing.router - INFO - Rohes Smart-Name-Ergebnis: 'seelowein_beton_plattform_gewaesser'
2026-09-27 00:28:43 - filemind.routing.router - INFO - AI-Naming schlägt vor: 2012-09-17_seelowein_beton_plattform_gewaesser.nef
2026-09-27 00:29:30 - __main__ - INFO - Reprocessing-Fortschritt: status=running, gesamt=98920, versucht=51, abgeschlossen=50, fehlgeschlagen=0, fehlend=0, in_arbeit=1, offen=98870
2026-09-27 00:30:18 - filemind.integrations.ai_naming - WARNING - KI-Ortserkennung lieferte kein gültiges JSON; Ortsangaben verworfen
2026-09-27 00:30:18 - filemind.integrations.ocr - ERROR - Nicht unterstütztes Format: .NEF
2026-09-27 00:30:18 - filemind.classification.classifier - INFO - Bildentscheidung: DSC_3165.NEF | OCR-Wörter=0 (Dokument-Schwelle >= 15) | Farbigkeit=nicht ermittelt (Dokument-Schwelle <= 13.0; bei zu wenig OCR-Text nicht geprüft) | Ergebnis=Foto | Grund=zu wenige OCR-Wörter und kein Scan-/TIFF-Fallback
2026-09-27 00:30:18 - filemind.routing.router - INFO - Klassifizierung: DSC_3165.NEF -> real_image (Vertrauen: 0.90)
2026-09-27 00:30:18 - filemind.integrations.ai_naming - INFO - Generiere Namen für: DSC_3165.NEF (Typ: real_image)
2026-09-27 00:30:30 - __main__ - INFO - Reprocessing-Fortschritt: status=running, gesamt=98920, versucht=52, abgeschlossen=51, fehlgeschlagen=0, fehlend=0, in_arbeit=1, offen=98869
2026-09-27 00:31:30 - __main__ - INFO - Reprocessing-Fortschritt: status=running, gesamt=98920, versucht=52, abgeschlossen=51, fehlgeschlagen=0, fehlend=0, in_arbeit=1, offen=98869
2026-09-27 00:32:30 - __main__ - INFO - Reprocessing-Fortschritt: status=running, gesamt=98920, versucht=52, abgeschlossen=51, fehlgeschlagen=0, fehlend=0, in_arbeit=1, offen=98869
2026-09-27 00:33:30 - __main__ - INFO - Reprocessing-Fortschritt: status=running, gesamt=98920, versucht=52, abgeschlossen=51, fehlgeschlagen=0, fehlend=0, in_arbeit=1, offen=98869
2026-09-27 00:34:30 - __main__ - INFO - Reprocessing-Fortschritt: status=running, gesamt=98920, versucht=52, abgeschlossen=51, fehlgeschlagen=0, fehlend=0, in_arbeit=1, offen=98869
2026-09-27 00:35:30 - __main__ - INFO - Reprocessing-Fortschritt: status=running, gesamt=98920, versucht=52, abgeschlossen=51, fehlgeschlagen=0, fehlend=0, in_arbeit=1, offen=98869
2026-09-27 00:36:30 - __main__ - INFO - Reprocessing-Fortschritt: status=running, gesamt=98920, versucht=52, abgeschlossen=51, fehlgeschlagen=0, fehlend=0, in_arbeit=1, offen=98869
2026-09-27 00:37:30 - __main__ - INFO - Reprocessing-Fortschritt: status=running, gesamt=98920, versucht=52, abgeschlossen=51, fehlgeschlagen=0, fehlend=0, in_arbeit=1, offen=98869
2026-09-27 00:38:30 - __main__ - INFO - Reprocessing-Fortschritt: status=running, gesamt=98920, versucht=52, abgeschlossen=51, fehlgeschlagen=0, fehlend=0, in_arbeit=1, offen=98869
2026-09-27 00:39:30 - __main__ - INFO - Reprocessing-Fortschritt: status=running, gesamt=98920, versucht=52, abgeschlossen=51, fehlgeschlagen=0, fehlend=0, in_arbeit=1, offen=98869
2026-09-27 00:40:30 - __main__ - INFO - Reprocessing-Fortschritt: status=running, gesamt=98920, versucht=52, abgeschlossen=51, fehlgeschlagen=0, fehlend=0, in_arbeit=1, offen=98869
2026-09-27 00:41:30 - __main__ - INFO - Reprocessing-Fortschritt: status=running, gesamt=98920, versucht=52, abgeschlossen=51, fehlgeschlagen=0, fehlend=0, in_arbeit=1, offen=98869
2026-09-27 00:42:30 - __main__ - INFO - Reprocessing-Fortschritt: status=running, gesamt=98920, versucht=52, abgeschlossen=51, fehlgeschlagen=0, fehlend=0, in_arbeit=1, offen=98869
2026-09-27 00:43:09 - filemind.integrations.ai_naming.ollama - INFO - Bildbeschreibung für DSC_3165.NEF: Die Aufnahme zeigt eine ländliche Szene mit einem Weg, der sich durch einen Garten mit gepflegten Pflanzen und Bäumen schlängelt, die in Blüte stehen. Im Hintergrund ist ein Gebäude zu erkennen.
2026-09-27 00:43:30 - __main__ - INFO - Reprocessing-Fortschritt: status=running, gesamt=98920, versucht=52, abgeschlossen=51, fehlgeschlagen=0, fehlend=0, in_arbeit=1, offen=98869
2026-09-27 00:44:30 - __main__ - INFO - Reprocessing-Fortschritt: status=running, gesamt=98920, versucht=52, abgeschlossen=51, fehlgeschlagen=0, fehlend=0, in_arbeit=1, offen=98869
2026-09-27 00:44:32 - filemind.routing.router - INFO - Rohes Smart-Name-Ergebnis: 'laendlicher_garten_weg_baum_blume_2023'
2026-09-27 00:44:32 - filemind.routing.router - INFO - AI-Naming schlägt vor: 2016-03-27_laendlicher_garten_weg_baum_blume_2023.nef
2026-09-27 00:45:30 - __main__ - INFO - Reprocessing-Fortschritt: status=running, gesamt=98920, versucht=52, abgeschlossen=51, fehlgeschlagen=0, fehlend=0, in_arbeit=1, offen=98869
2026-09-27 00:46:06 - filemind.integrations.ai_naming - WARNING - KI-Ortserkennung lieferte kein gültiges JSON; Ortsangaben verworfen
2026-09-27 00:46:07 - filemind.routing.router - INFO - Klassifizierung: 09-08-2012_223031.m2ts.aix2 -> other (Vertrauen: 0.50)
2026-09-27 00:46:07 - filemind.integrations.ai_naming - INFO - Generiere Namen für: 09-08-2012_223031.m2ts.aix2 (Typ: other)
2026-09-27 00:46:07 - filemind.routing.router - INFO - Rohes Smart-Name-Ergebnis: 'datei_09-08-2012_223031.m2'
2026-09-27 00:46:07 - filemind.routing.router - INFO - AI-Naming schlägt vor: 2014-06-19_datei_09082012_223031.aix2
2026-09-27 00:46:07 - filemind.integrations.metadata_extractor - INFO - Metadaten verarbeitet: 09-08-2012_223031.m2ts.aix2 -> file_aix2_20140619_125947_261.4kb
2026-09-27 00:46:30 - __main__ - INFO - Reprocessing-Fortschritt: status=running, gesamt=98920, versucht=54, abgeschlossen=53, fehlgeschlagen=0, fehlend=0, in_arbeit=1, offen=98867
2026-09-27 00:46:47 - filemind.integrations.ocr - INFO - OCR erfolgreich für '20070604_002914.JPG' - erkannter Text-Länge: 0
2026-09-27 00:46:47 - filemind.classification.classifier - INFO - Bildentscheidung: 20070604_002914.JPG | OCR-Wörter=0 (Dokument-Schwelle >= 15) | Farbigkeit=nicht ermittelt (Dokument-Schwelle <= 13.0; bei zu wenig OCR-Text nicht geprüft) | Ergebnis=Foto | Grund=zu wenige OCR-Wörter und kein Scan-/TIFF-Fallback
2026-09-27 00:46:47 - filemind.routing.router - INFO - Klassifizierung: 20070604_002914.JPG -> real_image (Vertrauen: 0.90)
2026-09-27 00:46:47 - filemind.integrations.ai_naming - INFO - Generiere Namen für: 20070604_002914.JPG (Typ: real_image)
2026-09-27 00:47:30 - __main__ - INFO - Reprocessing-Fortschritt: status=running, gesamt=98920, versucht=54, abgeschlossen=53, fehlgeschlagen=0, fehlend=0, in_arbeit=1, offen=98867
2026-09-27 00:48:30 - __main__ - INFO - Reprocessing-Fortschritt: status=running, gesamt=98920, versucht=54, abgeschlossen=53, fehlgeschlagen=0, fehlend=0, in_arbeit=1, offen=98867
2026-09-27 00:49:30 - __main__ - INFO - Reprocessing-Fortschritt: status=running, gesamt=98920, versucht=54, abgeschlossen=53, fehlgeschlagen=0, fehlend=0, in_arbeit=1, offen=98867
2026-09-27 00:50:30 - __main__ - INFO - Reprocessing-Fortschritt: status=running, gesamt=98920, versucht=54, abgeschlossen=53, fehlgeschlagen=0, fehlend=0, in_arbeit=1, offen=98867
2026-09-27 00:51:30 - __main__ - INFO - Reprocessing-Fortschritt: status=running, gesamt=98920, versucht=54, abgeschlossen=53, fehlgeschlagen=0, fehlend=0, in_arbeit=1, offen=98867
2026-09-27 00:52:30 - __main__ - INFO - Reprocessing-Fortschritt: status=running, gesamt=98920, versucht=54, abgeschlossen=53, fehlgeschlagen=0, fehlend=0, in_arbeit=1, offen=98867
2026-09-27 00:53:30 - __main__ - INFO - Reprocessing-Fortschritt: status=running, gesamt=98920, versucht=54, abgeschlossen=53, fehlgeschlagen=0, fehlend=0, in_arbeit=1, offen=98867
2026-09-27 00:54:30 - __main__ - INFO - Reprocessing-Fortschritt: status=running, gesamt=98920, versucht=54, abgeschlossen=53, fehlgeschlagen=0, fehlend=0, in_arbeit=1, offen=98867
2026-09-27 00:55:30 - __main__ - INFO - Reprocessing-Fortschritt: status=running, gesamt=98920, versucht=54, abgeschlossen=53, fehlgeschlagen=0, fehlend=0, in_arbeit=1, offen=98867
2026-09-27 00:56:30 - __main__ - INFO - Reprocessing-Fortschritt: status=running, gesamt=98920, versucht=54, abgeschlossen=53, fehlgeschlagen=0, fehlend=0, in_arbeit=1, offen=98867
2026-09-27 00:57:30 - __main__ - INFO - Reprocessing-Fortschritt: status=running, gesamt=98920, versucht=54, abgeschlossen=53, fehlgeschlagen=0, fehlend=0, in_arbeit=1, offen=98867
2026-09-27 00:58:30 - __main__ - INFO - Reprocessing-Fortschritt: status=running, gesamt=98920, versucht=54, abgeschlossen=53, fehlgeschlagen=0, fehlend=0, in_arbeit=1, offen=98867
2026-09-27 00:59:30 - __main__ - INFO - Reprocessing-Fortschritt: status=running, gesamt=98920, versucht=54, abgeschlossen=53, fehlgeschlagen=0, fehlend=0, in_arbeit=1, offen=98867
2026-09-27 00:59:59 - filemind.integrations.ai_naming.ollama - INFO - Bildbeschreibung für 20070604_002914.JPG: Die Aufnahme zeigt einen blauen Himmel mit weißen und grauen Wolken, die sich in verschiedenen Formen und Strukturen erstrecken.
2026-09-27 01:00:14 - filemind.routing.router - INFO - Rohes Smart-Name-Ergebnis: 'blau_wolken_wetter_himmel'
2026-09-27 01:00:14 - filemind.routing.router - INFO - AI-Naming schlägt vor: 2007-06-04_blau_wolken_wetter_himmel.jpg
2026-09-27 01:00:30 - __main__ - INFO - Reprocessing-Fortschritt: status=running, gesamt=98920, versucht=54, abgeschlossen=53, fehlgeschlagen=0, fehlend=0, in_arbeit=1, offen=98867
2026-09-27 01:01:30 - __main__ - INFO - Reprocessing-Fortschritt: status=running, gesamt=98920, versucht=54, abgeschlossen=53, fehlgeschlagen=0, fehlend=0, in_arbeit=1, offen=98867
2026-09-27 01:01:49 - filemind.integrations.ai_naming - WARNING - KI-Ortserkennung lieferte kein gültiges JSON; Ortsangaben verworfen
2026-09-27 01:01:55 - filemind.integrations.ocr - ERROR - Nicht unterstütztes Format: .NEF
2026-09-27 01:01:55 - filemind.classification.classifier - INFO - Bildentscheidung: DSC_0096.NEF | OCR-Wörter=0 (Dokument-Schwelle >= 15) | Farbigkeit=nicht ermittelt (Dokument-Schwelle <= 13.0; bei zu wenig OCR-Text nicht geprüft) | Ergebnis=Foto | Grund=zu wenige OCR-Wörter und kein Scan-/TIFF-Fallback
2026-09-27 01:01:55 - filemind.routing.router - INFO - Klassifizierung: DSC_0096.NEF -> real_image (Vertrauen: 0.90)
2026-09-27 01:01:55 - filemind.integrations.ai_naming - INFO - Generiere Namen für: DSC_0096.NEF (Typ: real_image)
2026-09-27 01:02:30 - __main__ - INFO - Reprocessing-Fortschritt: status=running, gesamt=98920, versucht=55, abgeschlossen=54, fehlgeschlagen=0, fehlend=0, in_arbeit=1, offen=98866
2026-09-27 01:03:30 - __main__ - INFO - Reprocessing-Fortschritt: status=running, gesamt=98920, versucht=55, abgeschlossen=54, fehlgeschlagen=0, fehlend=0, in_arbeit=1, offen=98866
2026-09-27 01:04:30 - __main__ - INFO - Reprocessing-Fortschritt: status=running, gesamt=98920, versucht=55, abgeschlossen=54, fehlgeschlagen=0, fehlend=0, in_arbeit=1, offen=98866
2026-09-27 01:05:30 - __main__ - INFO - Reprocessing-Fortschritt: status=running, gesamt=98920, versucht=55, abgeschlossen=54, fehlgeschlagen=0, fehlend=0, in_arbeit=1, offen=98866
2026-09-27 01:06:30 - __main__ - INFO - Reprocessing-Fortschritt: status=running, gesamt=98920, versucht=55, abgeschlossen=54, fehlgeschlagen=0, fehlend=0, in_arbeit=1, offen=98866
2026-09-27 01:07:30 - __main__ - INFO - Reprocessing-Fortschritt: status=running, gesamt=98920, versucht=55, abgeschlossen=54, fehlgeschlagen=0, fehlend=0, in_arbeit=1, offen=98866
2026-09-27 01:08:30 - __main__ - INFO - Reprocessing-Fortschritt: status=running, gesamt=98920, versucht=55, abgeschlossen=54, fehlgeschlagen=0, fehlend=0, in_arbeit=1, offen=98866
2026-09-27 01:09:30 - __main__ - INFO - Reprocessing-Fortschritt: status=running, gesamt=98920, versucht=55, abgeschlossen=54, fehlgeschlagen=0, fehlend=0, in_arbeit=1, offen=98866
2026-09-27 01:10:30 - __main__ - INFO - Reprocessing-Fortschritt: status=running, gesamt=98920, versucht=55, abgeschlossen=54, fehlgeschlagen=0, fehlend=0, in_arbeit=1, offen=98866
2026-09-27 01:11:30 - __main__ - INFO - Reprocessing-Fortschritt: status=running, gesamt=98920, versucht=55, abgeschlossen=54, fehlgeschlagen=0, fehlend=0, in_arbeit=1, offen=98866
2026-09-27 01:12:30 - __main__ - INFO - Reprocessing-Fortschritt: status=running, gesamt=98920, versucht=55, abgeschlossen=54, fehlgeschlagen=0, fehlend=0, in_arbeit=1, offen=98866
2026-09-27 01:13:30 - __main__ - INFO - Reprocessing-Fortschritt: status=running, gesamt=98920, versucht=55, abgeschlossen=54, fehlgeschlagen=0, fehlend=0, in_arbeit=1, offen=98866
2026-09-27 01:14:30 - __main__ - INFO - Reprocessing-Fortschritt: status=running, gesamt=98920, versucht=55, abgeschlossen=54, fehlgeschlagen=0, fehlend=0, in_arbeit=1, offen=98866
2026-09-27 01:14:45 - filemind.integrations.ai_naming.ollama - INFO - Bildbeschreibung für DSC_0096.NEF: Die Aufnahme zeigt eine weite Landschaft mit einem dichten Olivenhain, der sich über hügelige Gelände erstreckt und von einigen Bäumen und Strukturen im Hintergrund umgeben ist.
2026-09-27 01:15:02 - filemind.routing.router - INFO - Rohes Smart-Name-Ergebnis: 'olivengarten_huegellandschaft'
2026-09-27 01:15:02 - filemind.routing.router - INFO - AI-Naming schlägt vor: 2017-09-10_olivengarten_huegellandschaft.nef
2026-09-27 01:15:12 - filemind.integrations.ocr - INFO - OCR erfolgreich für '2026-03-02_Kleine_Maedchen_Garten_Pink_Zeuge.jpg' - erkannter Text-Länge: 0
2026-09-27 01:15:12 - filemind.classification.classifier - INFO - Bildentscheidung: 2026-03-02_Kleine_Maedchen_Garten_Pink_Zeuge.jpg | OCR-Wörter=0 (Dokument-Schwelle >= 15) | Farbigkeit=nicht ermittelt (Dokument-Schwelle <= 13.0; bei zu wenig OCR-Text nicht geprüft) | Ergebnis=Foto | Grund=zu wenige OCR-Wörter und kein Scan-/TIFF-Fallback
2026-09-27 01:15:12 - filemind.routing.router - INFO - Klassifizierung: 2026-03-02_Kleine_Maedchen_Garten_Pink_Zeuge.jpg -> real_image (Vertrauen: 0.90)
2026-09-27 01:15:12 - filemind.integrations.ai_naming - INFO - Generiere Namen für: 2026-03-02_Kleine_Maedchen_Garten_Pink_Zeuge.jpg (Typ: real_image)
2026-09-27 01:15:30 - __main__ - INFO - Reprocessing-Fortschritt: status=running, gesamt=98920, versucht=56, abgeschlossen=55, fehlgeschlagen=0, fehlend=0, in_arbeit=1, offen=98865
2026-09-27 01:16:30 - __main__ - INFO - Reprocessing-Fortschritt: status=running, gesamt=98920, versucht=56, abgeschlossen=55, fehlgeschlagen=0, fehlend=0, in_arbeit=1, offen=98865
2026-09-27 01:17:30 - __main__ - INFO - Reprocessing-Fortschritt: status=running, gesamt=98920, versucht=56, abgeschlossen=55, fehlgeschlagen=0, fehlend=0, in_arbeit=1, offen=98865
2026-09-27 01:18:30 - __main__ - INFO - Reprocessing-Fortschritt: status=running, gesamt=98920, versucht=56, abgeschlossen=55, fehlgeschlagen=0, fehlend=0, in_arbeit=1, offen=98865
2026-09-27 01:19:30 - __main__ - INFO - Reprocessing-Fortschritt: status=running, gesamt=98920, versucht=56, abgeschlossen=55, fehlgeschlagen=0, fehlend=0, in_arbeit=1, offen=98865
2026-09-27 01:20:30 - __main__ - INFO - Reprocessing-Fortschritt: status=running, gesamt=98920, versucht=56, abgeschlossen=55, fehlgeschlagen=0, fehlend=0, in_arbeit=1, offen=98865
2026-09-27 01:21:30 - __main__ - INFO - Reprocessing-Fortschritt: status=running, gesamt=98920, versucht=56, abgeschlossen=55, fehlgeschlagen=0, fehlend=0, in_arbeit=1, offen=98865
2026-09-27 01:22:30 - __main__ - INFO - Reprocessing-Fortschritt: status=running, gesamt=98920, versucht=56, abgeschlossen=55, fehlgeschlagen=0, fehlend=0, in_arbeit=1, offen=98865
2026-09-27 01:23:30 - __main__ - INFO - Reprocessing-Fortschritt: status=running, gesamt=98920, versucht=56, abgeschlossen=55, fehlgeschlagen=0, fehlend=0, in_arbeit=1, offen=98865
2026-09-27 01:24:30 - __main__ - INFO - Reprocessing-Fortschritt: status=running, gesamt=98920, versucht=56, abgeschlossen=55, fehlgeschlagen=0, fehlend=0, in_arbeit=1, offen=98865
2026-09-27 01:25:30 - __main__ - INFO - Reprocessing-Fortschritt: status=running, gesamt=98920, versucht=56, abgeschlossen=55, fehlgeschlagen=0, fehlend=0, in_arbeit=1, offen=98865
2026-09-27 01:26:30 - __main__ - INFO - Reprocessing-Fortschritt: status=running, gesamt=98920, versucht=56, abgeschlossen=55, fehlgeschlagen=0, fehlend=0, in_arbeit=1, offen=98865
2026-09-27 01:27:30 - __main__ - INFO - Reprocessing-Fortschritt: status=running, gesamt=98920, versucht=56, abgeschlossen=55, fehlgeschlagen=0, fehlend=0, in_arbeit=1, offen=98865
2026-09-27 01:27:59 - filemind.integrations.ai_naming.ollama - INFO - Bildbeschreibung für 2026-03-02_Kleine_Maedchen_Garten_Pink_Zeuge.jpg: Ein kleines Mädchen in rosa Wollkleidung und Schuhwerk steht auf einer Wiese vor einem Zaun und spielt mit bunten Gegenständen.
2026-09-27 01:28:15 - filemind.routing.router - INFO - Rohes Smart-Name-Ergebnis: 'rosa_wollmaedchen_zaun_spielen'
2026-09-27 01:28:15 - filemind.routing.router - INFO - AI-Naming schlägt vor: 2026-03-02_rosa_wollmaedchen_zaun_spielen.jpg
2026-09-27 01:28:30 - __main__ - INFO - Reprocessing-Fortschritt: status=running, gesamt=98920, versucht=56, abgeschlossen=55, fehlgeschlagen=0, fehlend=0, in_arbeit=1, offen=98865
2026-09-27 01:29:30 - __main__ - INFO - Reprocessing-Fortschritt: status=running, gesamt=98920, versucht=56, abgeschlossen=55, fehlgeschlagen=0, fehlend=0, in_arbeit=1, offen=98865
2026-09-27 01:29:49 - filemind.integrations.ai_naming - WARNING - KI-Ortserkennung lieferte kein gültiges JSON; Ortsangaben verworfen
2026-09-27 01:29:56 - filemind.routing.router - INFO - Klassifizierung: 00263_mts.HDP -> other (Vertrauen: 0.50)
2026-09-27 01:29:56 - filemind.integrations.ai_naming - INFO - Generiere Namen für: 00263_mts.HDP (Typ: other)
2026-09-27 01:29:56 - filemind.routing.router - INFO - Rohes Smart-Name-Ergebnis: 'datei_00263_mts'
2026-09-27 01:29:56 - filemind.routing.router - INFO - AI-Naming schlägt vor: 2016-08-19_datei_00263_mts.hdp
2026-09-27 01:29:56 - filemind.integrations.metadata_extractor - INFO - Metadaten verarbeitet: 00263_mts.HDP -> file_hdp_20160819_192754_2.4kb
2026-09-27 01:29:56 - filemind.routing.router - INFO - Klassifizierung: 1.3.46.670589.11.42025.5.0.7236.2023092516460033768.dcm -> other (Vertrauen: 0.50)
2026-09-27 01:29:56 - filemind.integrations.ai_naming - INFO - Generiere Namen für: 1.3.46.670589.11.42025.5.0.7236.2023092516460033768.dcm (Typ: other)
2026-09-27 01:29:56 - filemind.routing.router - INFO - Rohes Smart-Name-Ergebnis: 'datei_1.3.46.670589.11.420'
2026-09-27 01:29:56 - filemind.routing.router - INFO - AI-Naming schlägt vor: 2024-10-29_datei_134667058911.dcm
2026-09-27 01:29:56 - filemind.integrations.metadata_extractor - INFO - Metadaten verarbeitet: 1.3.46.670589.11.42025.5.0.7236.2023092516460033768.dcm -> file_dcm_20241029_080012_523.4kb
2026-09-27 01:30:30 - __main__ - INFO - Reprocessing-Fortschritt: status=running, gesamt=98920, versucht=59, abgeschlossen=58, fehlgeschlagen=0, fehlend=0, in_arbeit=1, offen=98862
2026-09-27 01:30:35 - filemind.integrations.ocr - INFO - OCR erfolgreich für 'DSC_5645.JPG' - erkannter Text-Länge: 0
2026-09-27 01:30:35 - filemind.classification.classifier - INFO - Bildentscheidung: DSC_5645.JPG | OCR-Wörter=0 (Dokument-Schwelle >= 15) | Farbigkeit=nicht ermittelt (Dokument-Schwelle <= 13.0; bei zu wenig OCR-Text nicht geprüft) | Ergebnis=Foto | Grund=zu wenige OCR-Wörter und kein Scan-/TIFF-Fallback
2026-09-27 01:30:35 - filemind.routing.router - INFO - Klassifizierung: DSC_5645.JPG -> real_image (Vertrauen: 0.90)
2026-09-27 01:30:35 - filemind.integrations.ai_naming - INFO - Generiere Namen für: DSC_5645.JPG (Typ: real_image)
2026-09-27 01:31:30 - __main__ - INFO - Reprocessing-Fortschritt: status=running, gesamt=98920, versucht=59, abgeschlossen=58, fehlgeschlagen=0, fehlend=0, in_arbeit=1, offen=98862
2026-09-27 01:32:30 - __main__ - INFO - Reprocessing-Fortschritt: status=running, gesamt=98920, versucht=59, abgeschlossen=58, fehlgeschlagen=0, fehlend=0, in_arbeit=1, offen=98862
2026-09-27 01:33:30 - __main__ - INFO - Reprocessing-Fortschritt: status=running, gesamt=98920, versucht=59, abgeschlossen=58, fehlgeschlagen=0, fehlend=0, in_arbeit=1, offen=98862
2026-09-27 01:34:30 - __main__ - INFO - Reprocessing-Fortschritt: status=running, gesamt=98920, versucht=59, abgeschlossen=58, fehlgeschlagen=0, fehlend=0, in_arbeit=1, offen=98862
2026-09-27 01:35:30 - __main__ - INFO - Reprocessing-Fortschritt: status=running, gesamt=98920, versucht=59, abgeschlossen=58, fehlgeschlagen=0, fehlend=0, in_arbeit=1, offen=98862
2026-09-27 01:36:30 - __main__ - INFO - Reprocessing-Fortschritt: status=running, gesamt=98920, versucht=59, abgeschlossen=58, fehlgeschlagen=0, fehlend=0, in_arbeit=1, offen=98862
2026-09-27 01:37:30 - __main__ - INFO - Reprocessing-Fortschritt: status=running, gesamt=98920, versucht=59, abgeschlossen=58, fehlgeschlagen=0, fehlend=0, in_arbeit=1, offen=98862
2026-09-27 01:38:30 - __main__ - INFO - Reprocessing-Fortschritt: status=running, gesamt=98920, versucht=59, abgeschlossen=58, fehlgeschlagen=0, fehlend=0, in_arbeit=1, offen=98862
2026-09-27 01:39:30 - __main__ - INFO - Reprocessing-Fortschritt: status=running, gesamt=98920, versucht=59, abgeschlossen=58, fehlgeschlagen=0, fehlend=0, in_arbeit=1, offen=98862
2026-09-27 01:40:30 - __main__ - INFO - Reprocessing-Fortschritt: status=running, gesamt=98920, versucht=59, abgeschlossen=58, fehlgeschlagen=0, fehlend=0, in_arbeit=1, offen=98862
2026-09-27 01:41:30 - __main__ - INFO - Reprocessing-Fortschritt: status=running, gesamt=98920, versucht=59, abgeschlossen=58, fehlgeschlagen=0, fehlend=0, in_arbeit=1, offen=98862
2026-09-27 01:42:30 - __main__ - INFO - Reprocessing-Fortschritt: status=running, gesamt=98920, versucht=59, abgeschlossen=58, fehlgeschlagen=0, fehlend=0, in_arbeit=1, offen=98862
2026-09-27 01:43:30 - __main__ - INFO - Reprocessing-Fortschritt: status=running, gesamt=98920, versucht=59, abgeschlossen=58, fehlgeschlagen=0, fehlend=0, in_arbeit=1, offen=98862
2026-09-27 01:43:47 - filemind.integrations.ai_naming.ollama - INFO - Bildbeschreibung für DSC_5645.JPG: Die Hauptfigur des Fotos ist eine üppige Anordnung von Kirschblüten, die sich über einen grünen Hang erstrecken und an den Baumstämmen hängen.
2026-09-27 01:44:04 - filemind.routing.router - INFO - Rohes Smart-Name-Ergebnis: 'kirschkulm_hang_blc3bctend'
2026-09-27 01:44:04 - filemind.routing.router - INFO - AI-Naming schlägt vor: 2016-04-04_kirschkulm_hang_blc3bctend.jpg
2026-09-27 01:44:30 - __main__ - INFO - Reprocessing-Fortschritt: status=running, gesamt=98920, versucht=59, abgeschlossen=58, fehlgeschlagen=0, fehlend=0, in_arbeit=1, offen=98862
2026-09-27 01:45:30 - __main__ - INFO - Reprocessing-Fortschritt: status=running, gesamt=98920, versucht=59, abgeschlossen=58, fehlgeschlagen=0, fehlend=0, in_arbeit=1, offen=98862
2026-09-27 01:45:39 - filemind.integrations.ai_naming - WARNING - KI-Ortserkennung lieferte kein gültiges JSON; Ortsangaben verworfen
2026-09-27 01:45:40 - filemind.integrations.ocr - ERROR - Nicht unterstütztes Format: .NEF
2026-09-27 01:45:40 - filemind.classification.classifier - INFO - Bildentscheidung: DSC_7775.NEF | OCR-Wörter=0 (Dokument-Schwelle >= 15) | Farbigkeit=nicht ermittelt (Dokument-Schwelle <= 13.0; bei zu wenig OCR-Text nicht geprüft) | Ergebnis=Foto | Grund=zu wenige OCR-Wörter und kein Scan-/TIFF-Fallback
2026-09-27 01:45:40 - filemind.routing.router - INFO - Klassifizierung: DSC_7775.NEF -> real_image (Vertrauen: 0.90)
2026-09-27 01:45:40 - filemind.integrations.ai_naming - INFO - Generiere Namen für: DSC_7775.NEF (Typ: real_image)
2026-09-27 01:46:30 - __main__ - INFO - Reprocessing-Fortschritt: status=running, gesamt=98920, versucht=60, abgeschlossen=59, fehlgeschlagen=0, fehlend=0, in_arbeit=1, offen=98861
2026-09-27 01:47:30 - __main__ - INFO - Reprocessing-Fortschritt: status=running, gesamt=98920, versucht=60, abgeschlossen=59, fehlgeschlagen=0, fehlend=0, in_arbeit=1, offen=98861
2026-09-27 01:48:30 - __main__ - INFO - Reprocessing-Fortschritt: status=running, gesamt=98920, versucht=60, abgeschlossen=59, fehlgeschlagen=0, fehlend=0, in_arbeit=1, offen=98861
2026-09-27 01:49:30 - __main__ - INFO - Reprocessing-Fortschritt: status=running, gesamt=98920, versucht=60, abgeschlossen=59, fehlgeschlagen=0, fehlend=0, in_arbeit=1, offen=98861
2026-09-27 01:50:30 - __main__ - INFO - Reprocessing-Fortschritt: status=running, gesamt=98920, versucht=60, abgeschlossen=59, fehlgeschlagen=0, fehlend=0, in_arbeit=1, offen=98861
2026-09-27 01:51:30 - __main__ - INFO - Reprocessing-Fortschritt: status=running, gesamt=98920, versucht=60, abgeschlossen=59, fehlgeschlagen=0, fehlend=0, in_arbeit=1, offen=98861
2026-09-27 01:52:30 - __main__ - INFO - Reprocessing-Fortschritt: status=running, gesamt=98920, versucht=60, abgeschlossen=59, fehlgeschlagen=0, fehlend=0, in_arbeit=1, offen=98861
2026-09-27 01:53:30 - __main__ - INFO - Reprocessing-Fortschritt: status=running, gesamt=98920, versucht=60, abgeschlossen=59, fehlgeschlagen=0, fehlend=0, in_arbeit=1, offen=98861
2026-09-27 01:54:30 - __main__ - INFO - Reprocessing-Fortschritt: status=running, gesamt=98920, versucht=60, abgeschlossen=59, fehlgeschlagen=0, fehlend=0, in_arbeit=1, offen=98861
2026-09-27 01:55:30 - __main__ - INFO - Reprocessing-Fortschritt: status=running, gesamt=98920, versucht=60, abgeschlossen=59, fehlgeschlagen=0, fehlend=0, in_arbeit=1, offen=98861
2026-09-27 01:56:30 - __main__ - INFO - Reprocessing-Fortschritt: status=running, gesamt=98920, versucht=60, abgeschlossen=59, fehlgeschlagen=0, fehlend=0, in_arbeit=1, offen=98861
2026-09-27 01:57:30 - __main__ - INFO - Reprocessing-Fortschritt: status=running, gesamt=98920, versucht=60, abgeschlossen=59, fehlgeschlagen=0, fehlend=0, in_arbeit=1, offen=98861
2026-09-27 01:58:25 - filemind.integrations.ai_naming.ollama - INFO - Bildbeschreibung für DSC_7775.NEF: Ein Bild von einer traditionellen japanischen Burg mit einem See und blühenden Kirschbäumen im Vordergrund.
2026-09-27 01:58:30 - __main__ - INFO - Reprocessing-Fortschritt: status=running, gesamt=98920, versucht=60, abgeschlossen=59, fehlgeschlagen=0, fehlend=0, in_arbeit=1, offen=98861
2026-09-27 01:58:42 - filemind.routing.router - INFO - Rohes Smart-Name-Ergebnis: 'burg_see_kirschbaum_japanische_traditionelle_burg_2023_04'
2026-09-27 01:58:42 - filemind.routing.router - INFO - AI-Naming schlägt vor: 2016-04-11_burg_see_kirschbaum_japanische_traditionelle_burg_2023_04.nef
2026-09-27 01:59:30 - __main__ - INFO - Reprocessing-Fortschritt: status=running, gesamt=98920, versucht=60, abgeschlossen=59, fehlgeschlagen=0, fehlend=0, in_arbeit=1, offen=98861
2026-09-27 02:00:17 - filemind.integrations.ai_naming - WARNING - KI-Ortserkennung lieferte kein gültiges JSON; Ortsangaben verworfen
2026-09-27 02:00:23 - filemind.routing.router - INFO - Klassifizierung: LICENSE -> other (Vertrauen: 0.50)
2026-09-27 02:00:23 - filemind.integrations.ai_naming - INFO - Generiere Namen für: LICENSE (Typ: other)
2026-09-27 02:00:23 - filemind.routing.router - INFO - Rohes Smart-Name-Ergebnis: 'datei_LICENSE'
2026-09-27 02:00:23 - filemind.routing.router - INFO - AI-Naming schlägt vor: 2026-02-07_datei_license
2026-09-27 02:00:23 - filemind.integrations.metadata_extractor - INFO - Metadaten verarbeitet: LICENSE -> file__20260207_182155_1.0kb
2026-09-27 02:00:23 - filemind.routing.router - INFO - Klassifizierung: win32netcon.cpython-311.pyc -> other (Vertrauen: 0.50)
2026-09-27 02:00:23 - filemind.integrations.ai_naming - INFO - Generiere Namen für: win32netcon.cpython-311.pyc (Typ: other)
2026-09-27 02:00:23 - filemind.routing.router - INFO - Rohes Smart-Name-Ergebnis: 'datei_win32netcon.cpython-'
2026-09-27 02:00:23 - filemind.routing.router - INFO - AI-Naming schlägt vor: 2026-02-07_datei_win32netcon.pyc
2026-09-27 02:00:23 - filemind.integrations.metadata_extractor - INFO - Metadaten verarbeitet: win32netcon.cpython-311.pyc -> file_pyc_20260207_215348_20.9kb
2026-09-27 02:00:23 - filemind.integrations.ocr - ERROR - Nicht unterstütztes Format: .NEF
2026-09-27 02:00:23 - filemind.classification.classifier - INFO - Bildentscheidung: DSC_7652.NEF | OCR-Wörter=0 (Dokument-Schwelle >= 15) | Farbigkeit=nicht ermittelt (Dokument-Schwelle <= 13.0; bei zu wenig OCR-Text nicht geprüft) | Ergebnis=Foto | Grund=zu wenige OCR-Wörter und kein Scan-/TIFF-Fallback
2026-09-27 02:00:23 - filemind.routing.router - INFO - Klassifizierung: DSC_7652.NEF -> real_image (Vertrauen: 0.90)
2026-09-27 02:00:23 - filemind.integrations.ai_naming - INFO - Generiere Namen für: DSC_7652.NEF (Typ: real_image)
2026-09-27 02:00:30 - __main__ - INFO - Reprocessing-Fortschritt: status=running, gesamt=98920, versucht=63, abgeschlossen=62, fehlgeschlagen=0, fehlend=0, in_arbeit=1, offen=98858
2026-09-27 02:01:30 - __main__ - INFO - Reprocessing-Fortschritt: status=running, gesamt=98920, versucht=63, abgeschlossen=62, fehlgeschlagen=0, fehlend=0, in_arbeit=1, offen=98858
2026-09-27 02:02:30 - __main__ - INFO - Reprocessing-Fortschritt: status=running, gesamt=98920, versucht=63, abgeschlossen=62, fehlgeschlagen=0, fehlend=0, in_arbeit=1, offen=98858
2026-09-27 02:03:30 - __main__ - INFO - Reprocessing-Fortschritt: status=running, gesamt=98920, versucht=63, abgeschlossen=62, fehlgeschlagen=0, fehlend=0, in_arbeit=1, offen=98858
2026-09-27 02:04:30 - __main__ - INFO - Reprocessing-Fortschritt: status=running, gesamt=98920, versucht=63, abgeschlossen=62, fehlgeschlagen=0, fehlend=0, in_arbeit=1, offen=98858
2026-09-27 02:05:30 - __main__ - INFO - Reprocessing-Fortschritt: status=running, gesamt=98920, versucht=63, abgeschlossen=62, fehlgeschlagen=0, fehlend=0, in_arbeit=1, offen=98858
2026-09-27 02:06:30 - __main__ - INFO - Reprocessing-Fortschritt: status=running, gesamt=98920, versucht=63, abgeschlossen=62, fehlgeschlagen=0, fehlend=0, in_arbeit=1, offen=98858
2026-09-27 02:07:30 - __main__ - INFO - Reprocessing-Fortschritt: status=running, gesamt=98920, versucht=63, abgeschlossen=62, fehlgeschlagen=0, fehlend=0, in_arbeit=1, offen=98858
2026-09-27 02:08:30 - __main__ - INFO - Reprocessing-Fortschritt: status=running, gesamt=98920, versucht=63, abgeschlossen=62, fehlgeschlagen=0, fehlend=0, in_arbeit=1, offen=98858
2026-09-27 02:09:30 - __main__ - INFO - Reprocessing-Fortschritt: status=running, gesamt=98920, versucht=63, abgeschlossen=62, fehlgeschlagen=0, fehlend=0, in_arbeit=1, offen=98858
2026-09-27 02:10:30 - __main__ - INFO - Reprocessing-Fortschritt: status=running, gesamt=98920, versucht=63, abgeschlossen=62, fehlgeschlagen=0, fehlend=0, in_arbeit=1, offen=98858
2026-09-27 02:11:30 - __main__ - INFO - Reprocessing-Fortschritt: status=running, gesamt=98920, versucht=63, abgeschlossen=62, fehlgeschlagen=0, fehlend=0, in_arbeit=1, offen=98858
2026-09-27 02:12:30 - __main__ - INFO - Reprocessing-Fortschritt: status=running, gesamt=98920, versucht=63, abgeschlossen=62, fehlgeschlagen=0, fehlend=0, in_arbeit=1, offen=98858
2026-09-27 02:13:09 - filemind.integrations.ai_naming.ollama - INFO - Bildbeschreibung für DSC_7652.NEF: Ein Foto zeigt eine Person, die im Wasser eines Beckens schwimmt und dabei Spritzer wirft.
2026-09-27 02:13:23 - filemind.routing.router - INFO - Rohes Smart-Name-Ergebnis: 'wasser_schwimmen_spritzer'
2026-09-27 02:13:23 - filemind.routing.router - INFO - AI-Naming schlägt vor: 2016-04-11_wasser_schwimmen_spritzer.nef
2026-09-27 02:13:30 - __main__ - INFO - Reprocessing-Fortschritt: status=running, gesamt=98920, versucht=63, abgeschlossen=62, fehlgeschlagen=0, fehlend=0, in_arbeit=1, offen=98858
2026-09-27 02:14:30 - __main__ - INFO - Reprocessing-Fortschritt: status=running, gesamt=98920, versucht=63, abgeschlossen=62, fehlgeschlagen=0, fehlend=0, in_arbeit=1, offen=98858
2026-09-27 02:14:57 - filemind.integrations.ai_naming - WARNING - KI-Ortserkennung lieferte kein gültiges JSON; Ortsangaben verworfen
2026-09-27 02:15:04 - filemind.routing.router - INFO - Klassifizierung: GbrImagePlugin.cpython-311.pyc -> other (Vertrauen: 0.50)
2026-09-27 02:15:04 - filemind.integrations.ai_naming - INFO - Generiere Namen für: GbrImagePlugin.cpython-311.pyc (Typ: other)
2026-09-27 02:15:04 - filemind.routing.router - INFO - Rohes Smart-Name-Ergebnis: 'datei_GbrImagePlugin.cpyth'
2026-09-27 02:15:04 - filemind.routing.router - INFO - AI-Naming schlägt vor: 2026-02-07_datei_gbrimageplugin.pyc
2026-09-27 02:15:04 - filemind.integrations.metadata_extractor - INFO - Metadaten verarbeitet: GbrImagePlugin.cpython-311.pyc -> file_pyc_20260207_213918_3.9kb
2026-09-27 02:15:30 - __main__ - INFO - Reprocessing-Fortschritt: status=running, gesamt=98920, versucht=65, abgeschlossen=64, fehlgeschlagen=0, fehlend=0, in_arbeit=1, offen=98856
2026-09-27 02:15:35 - filemind.integrations.ocr - INFO - OCR erfolgreich für 'P1020109.JPG' - erkannter Text-Länge: 2
2026-09-27 02:15:35 - filemind.classification.classifier - INFO - Bildentscheidung: P1020109.JPG | OCR-Wörter=1 (Dokument-Schwelle >= 15) | Farbigkeit=nicht ermittelt (Dokument-Schwelle <= 13.0; bei zu wenig OCR-Text nicht geprüft) | Ergebnis=Foto | Grund=zu wenige OCR-Wörter und kein Scan-/TIFF-Fallback
2026-09-27 02:15:35 - filemind.routing.router - INFO - Klassifizierung: P1020109.JPG -> real_image (Vertrauen: 0.90)
2026-09-27 02:15:35 - filemind.integrations.ai_naming - INFO - Generiere Namen für: P1020109.JPG (Typ: real_image)
2026-09-27 02:16:30 - __main__ - INFO - Reprocessing-Fortschritt: status=running, gesamt=98920, versucht=65, abgeschlossen=64, fehlgeschlagen=0, fehlend=0, in_arbeit=1, offen=98856
2026-09-27 02:17:30 - __main__ - INFO - Reprocessing-Fortschritt: status=running, gesamt=98920, versucht=65, abgeschlossen=64, fehlgeschlagen=0, fehlend=0, in_arbeit=1, offen=98856
2026-09-27 02:18:30 - __main__ - INFO - Reprocessing-Fortschritt: status=running, gesamt=98920, versucht=65, abgeschlossen=64, fehlgeschlagen=0, fehlend=0, in_arbeit=1, offen=98856
2026-09-27 02:19:30 - __main__ - INFO - Reprocessing-Fortschritt: status=running, gesamt=98920, versucht=65, abgeschlossen=64, fehlgeschlagen=0, fehlend=0, in_arbeit=1, offen=98856
2026-09-27 02:20:30 - __main__ - INFO - Reprocessing-Fortschritt: status=running, gesamt=98920, versucht=65, abgeschlossen=64, fehlgeschlagen=0, fehlend=0, in_arbeit=1, offen=98856
2026-09-27 02:21:30 - __main__ - INFO - Reprocessing-Fortschritt: status=running, gesamt=98920, versucht=65, abgeschlossen=64, fehlgeschlagen=0, fehlend=0, in_arbeit=1, offen=98856
2026-09-27 02:22:30 - __main__ - INFO - Reprocessing-Fortschritt: status=running, gesamt=98920, versucht=65, abgeschlossen=64, fehlgeschlagen=0, fehlend=0, in_arbeit=1, offen=98856
2026-09-27 02:23:30 - __main__ - INFO - Reprocessing-Fortschritt: status=running, gesamt=98920, versucht=65, abgeschlossen=64, fehlgeschlagen=0, fehlend=0, in_arbeit=1, offen=98856
2026-09-27 02:24:30 - __main__ - INFO - Reprocessing-Fortschritt: status=running, gesamt=98920, versucht=65, abgeschlossen=64, fehlgeschlagen=0, fehlend=0, in_arbeit=1, offen=98856
2026-09-27 02:25:30 - __main__ - INFO - Reprocessing-Fortschritt: status=running, gesamt=98920, versucht=65, abgeschlossen=64, fehlgeschlagen=0, fehlend=0, in_arbeit=1, offen=98856
2026-09-27 02:26:30 - __main__ - INFO - Reprocessing-Fortschritt: status=running, gesamt=98920, versucht=65, abgeschlossen=64, fehlgeschlagen=0, fehlend=0, in_arbeit=1, offen=98856
2026-09-27 02:27:30 - __main__ - INFO - Reprocessing-Fortschritt: status=running, gesamt=98920, versucht=65, abgeschlossen=64, fehlgeschlagen=0, fehlend=0, in_arbeit=1, offen=98856
2026-09-27 02:28:25 - filemind.integrations.ai_naming.ollama - INFO - Bildbeschreibung für P1020109.JPG: Die Aufnahme zeigt eine moderne Stadtszene mit Hochhäusern und historischen Gebäuden, die sich unter einem klaren Himmel befinden. Im Vordergrund sind Taxifahrzeuge zu sehen, die auf einer Straße fahren.
2026-09-27 02:28:30 - __main__ - INFO - Reprocessing-Fortschritt: status=running, gesamt=98920, versucht=65, abgeschlossen=64, fehlgeschlagen=0, fehlend=0, in_arbeit=1, offen=98856
2026-09-27 02:29:30 - __main__ - INFO - Reprocessing-Fortschritt: status=running, gesamt=98920, versucht=65, abgeschlossen=64, fehlgeschlagen=0, fehlend=0, in_arbeit=1, offen=98856
2026-09-27 02:29:48 - filemind.routing.router - INFO - Rohes Smart-Name-Ergebnis: 'stadt_hochhaus_taxi_urban_mixed_architecture'
2026-09-27 02:29:48 - filemind.routing.router - INFO - AI-Naming schlägt vor: 2016-04-11_stadt_hochhaus_taxi_urban_mixed_architecture.jpg
2026-09-27 02:30:30 - __main__ - INFO - Reprocessing-Fortschritt: status=running, gesamt=98920, versucht=65, abgeschlossen=64, fehlgeschlagen=0, fehlend=0, in_arbeit=1, offen=98856
2026-09-27 02:31:23 - filemind.integrations.ai_naming - WARNING - KI-Ortserkennung lieferte kein gültiges JSON; Ortsangaben verworfen
2026-09-27 02:31:30 - filemind.integrations.ocr - ERROR - Nicht unterstütztes Format: .NEF
2026-09-27 02:31:30 - filemind.classification.classifier - INFO - Bildentscheidung: DSC_1696.NEF | OCR-Wörter=0 (Dokument-Schwelle >= 15) | Farbigkeit=nicht ermittelt (Dokument-Schwelle <= 13.0; bei zu wenig OCR-Text nicht geprüft) | Ergebnis=Foto | Grund=zu wenige OCR-Wörter und kein Scan-/TIFF-Fallback
2026-09-27 02:31:30 - filemind.routing.router - INFO - Klassifizierung: DSC_1696.NEF -> real_image (Vertrauen: 0.90)
2026-09-27 02:31:30 - filemind.integrations.ai_naming - INFO - Generiere Namen für: DSC_1696.NEF (Typ: real_image)
2026-09-27 02:31:30 - __main__ - INFO - Reprocessing-Fortschritt: status=running, gesamt=98920, versucht=66, abgeschlossen=65, fehlgeschlagen=0, fehlend=0, in_arbeit=1, offen=98855
2026-09-27 02:32:30 - __main__ - INFO - Reprocessing-Fortschritt: status=running, gesamt=98920, versucht=66, abgeschlossen=65, fehlgeschlagen=0, fehlend=0, in_arbeit=1, offen=98855
2026-09-27 02:33:30 - __main__ - INFO - Reprocessing-Fortschritt: status=running, gesamt=98920, versucht=66, abgeschlossen=65, fehlgeschlagen=0, fehlend=0, in_arbeit=1, offen=98855
2026-09-27 02:34:30 - __main__ - INFO - Reprocessing-Fortschritt: status=running, gesamt=98920, versucht=66, abgeschlossen=65, fehlgeschlagen=0, fehlend=0, in_arbeit=1, offen=98855
2026-09-27 02:35:30 - __main__ - INFO - Reprocessing-Fortschritt: status=running, gesamt=98920, versucht=66, abgeschlossen=65, fehlgeschlagen=0, fehlend=0, in_arbeit=1, offen=98855
2026-09-27 02:36:30 - __main__ - INFO - Reprocessing-Fortschritt: status=running, gesamt=98920, versucht=66, abgeschlossen=65, fehlgeschlagen=0, fehlend=0, in_arbeit=1, offen=98855
2026-09-27 02:37:30 - __main__ - INFO - Reprocessing-Fortschritt: status=running, gesamt=98920, versucht=66, abgeschlossen=65, fehlgeschlagen=0, fehlend=0, in_arbeit=1, offen=98855
2026-09-27 02:38:30 - __main__ - INFO - Reprocessing-Fortschritt: status=running, gesamt=98920, versucht=66, abgeschlossen=65, fehlgeschlagen=0, fehlend=0, in_arbeit=1, offen=98855
2026-09-27 02:39:30 - __main__ - INFO - Reprocessing-Fortschritt: status=running, gesamt=98920, versucht=66, abgeschlossen=65, fehlgeschlagen=0, fehlend=0, in_arbeit=1, offen=98855
2026-09-27 02:40:30 - __main__ - INFO - Reprocessing-Fortschritt: status=running, gesamt=98920, versucht=66, abgeschlossen=65, fehlgeschlagen=0, fehlend=0, in_arbeit=1, offen=98855
2026-09-27 02:41:30 - __main__ - INFO - Reprocessing-Fortschritt: status=running, gesamt=98920, versucht=66, abgeschlossen=65, fehlgeschlagen=0, fehlend=0, in_arbeit=1, offen=98855
2026-09-27 02:42:30 - __main__ - INFO - Reprocessing-Fortschritt: status=running, gesamt=98920, versucht=66, abgeschlossen=65, fehlgeschlagen=0, fehlend=0, in_arbeit=1, offen=98855
2026-09-27 02:43:30 - __main__ - INFO - Reprocessing-Fortschritt: status=running, gesamt=98920, versucht=66, abgeschlossen=65, fehlgeschlagen=0, fehlend=0, in_arbeit=1, offen=98855
2026-09-27 02:44:17 - filemind.integrations.ai_naming.ollama - INFO - Bildbeschreibung für DSC_1696.NEF: Ein traditionelles chinesisches Tempelportal mit rotem Torbogen und schwarzem Dach, umgeben von Bäumen und Grünflächen.
2026-09-27 02:44:30 - __main__ - INFO - Reprocessing-Fortschritt: status=running, gesamt=98920, versucht=66, abgeschlossen=65, fehlgeschlagen=0, fehlend=0, in_arbeit=1, offen=98855
2026-09-27 02:44:32 - filemind.routing.router - INFO - Rohes Smart-Name-Ergebnis: 'tempel_roter_bogen_gruen'
2026-09-27 02:44:32 - filemind.routing.router - INFO - AI-Naming schlägt vor: 2016-03-23_tempel_roter_bogen_gruen.nef
2026-09-27 02:45:30 - __main__ - INFO - Reprocessing-Fortschritt: status=running, gesamt=98920, versucht=66, abgeschlossen=65, fehlgeschlagen=0, fehlend=0, in_arbeit=1, offen=98855
2026-09-27 02:46:07 - filemind.integrations.ai_naming - WARNING - KI-Ortserkennung lieferte kein gültiges JSON; Ortsangaben verworfen
2026-09-27 02:46:07 - filemind.routing.router - INFO - Klassifizierung: ~syncthing~I9000029.tmp -> other (Vertrauen: 0.50)
2026-09-27 02:46:07 - filemind.integrations.ai_naming - INFO - Generiere Namen für: ~syncthing~I9000029.tmp (Typ: other)
2026-09-27 02:46:07 - filemind.routing.router - INFO - Rohes Smart-Name-Ergebnis: 'datei_~syncthing~I9000029'
2026-09-27 02:46:07 - filemind.routing.router - INFO - AI-Naming schlägt vor: 2026-01-17_datei_syncthingi9000029.tmp
2026-09-27 02:46:07 - filemind.integrations.metadata_extractor - INFO - Metadaten verarbeitet: ~syncthing~I9000029.tmp -> file_tmp_20260117_231429_242.5kb
2026-09-27 02:46:07 - filemind.routing.router - INFO - Klassifizierung: 00082.CPI -> other (Vertrauen: 0.50)
2026-09-27 02:46:07 - filemind.integrations.ai_naming - INFO - Generiere Namen für: 00082.CPI (Typ: other)
2026-09-27 02:46:07 - filemind.routing.router - INFO - Rohes Smart-Name-Ergebnis: 'datei_00082'
2026-09-27 02:46:07 - filemind.routing.router - INFO - AI-Naming schlägt vor: 2012-09-28_datei_00082.cpi
2026-09-27 02:46:07 - filemind.integrations.metadata_extractor - INFO - Metadaten verarbeitet: 00082.CPI -> file_cpi_20120928_012706_522b
2026-09-27 02:46:24 - filemind.integrations.ocr - INFO - OCR erfolgreich für 'DSC_7013.JPG' - erkannter Text-Länge: 0
2026-09-27 02:46:24 - filemind.classification.classifier - INFO - Bildentscheidung: DSC_7013.JPG | OCR-Wörter=0 (Dokument-Schwelle >= 15) | Farbigkeit=nicht ermittelt (Dokument-Schwelle <= 13.0; bei zu wenig OCR-Text nicht geprüft) | Ergebnis=Foto | Grund=zu wenige OCR-Wörter und kein Scan-/TIFF-Fallback
2026-09-27 02:46:24 - filemind.routing.router - INFO - Klassifizierung: DSC_7013.JPG -> real_image (Vertrauen: 0.90)
2026-09-27 02:46:24 - filemind.integrations.ai_naming - INFO - Generiere Namen für: DSC_7013.JPG (Typ: real_image)
2026-09-27 02:46:30 - __main__ - INFO - Reprocessing-Fortschritt: status=running, gesamt=98920, versucht=69, abgeschlossen=68, fehlgeschlagen=0, fehlend=0, in_arbeit=1, offen=98852
2026-09-27 02:47:30 - __main__ - INFO - Reprocessing-Fortschritt: status=running, gesamt=98920, versucht=69, abgeschlossen=68, fehlgeschlagen=0, fehlend=0, in_arbeit=1, offen=98852
2026-09-27 02:48:30 - __main__ - INFO - Reprocessing-Fortschritt: status=running, gesamt=98920, versucht=69, abgeschlossen=68, fehlgeschlagen=0, fehlend=0, in_arbeit=1, offen=98852
2026-09-27 02:49:30 - __main__ - INFO - Reprocessing-Fortschritt: status=running, gesamt=98920, versucht=69, abgeschlossen=68, fehlgeschlagen=0, fehlend=0, in_arbeit=1, offen=98852
2026-09-27 02:50:30 - __main__ - INFO - Reprocessing-Fortschritt: status=running, gesamt=98920, versucht=69, abgeschlossen=68, fehlgeschlagen=0, fehlend=0, in_arbeit=1, offen=98852
2026-09-27 02:51:30 - __main__ - INFO - Reprocessing-Fortschritt: status=running, gesamt=98920, versucht=69, abgeschlossen=68, fehlgeschlagen=0, fehlend=0, in_arbeit=1, offen=98852
2026-09-27 02:52:30 - __main__ - INFO - Reprocessing-Fortschritt: status=running, gesamt=98920, versucht=69, abgeschlossen=68, fehlgeschlagen=0, fehlend=0, in_arbeit=1, offen=98852
2026-09-27 02:53:30 - __main__ - INFO - Reprocessing-Fortschritt: status=running, gesamt=98920, versucht=69, abgeschlossen=68, fehlgeschlagen=0, fehlend=0, in_arbeit=1, offen=98852
2026-09-27 02:54:30 - __main__ - INFO - Reprocessing-Fortschritt: status=running, gesamt=98920, versucht=69, abgeschlossen=68, fehlgeschlagen=0, fehlend=0, in_arbeit=1, offen=98852
2026-09-27 02:55:30 - __main__ - INFO - Reprocessing-Fortschritt: status=running, gesamt=98920, versucht=69, abgeschlossen=68, fehlgeschlagen=0, fehlend=0, in_arbeit=1, offen=98852
2026-09-27 02:56:30 - __main__ - INFO - Reprocessing-Fortschritt: status=running, gesamt=98920, versucht=69, abgeschlossen=68, fehlgeschlagen=0, fehlend=0, in_arbeit=1, offen=98852
2026-09-27 02:57:30 - __main__ - INFO - Reprocessing-Fortschritt: status=running, gesamt=98920, versucht=69, abgeschlossen=68, fehlgeschlagen=0, fehlend=0, in_arbeit=1, offen=98852
2026-09-27 02:58:30 - __main__ - INFO - Reprocessing-Fortschritt: status=running, gesamt=98920, versucht=69, abgeschlossen=68, fehlgeschlagen=0, fehlend=0, in_arbeit=1, offen=98852
2026-09-27 02:59:15 - filemind.integrations.ai_naming.ollama - INFO - Bildbeschreibung für DSC_7013.JPG: Die Hauptfigur des Fotos ist die Eiffelturm-ähnliche Struktur auf der Las Vegas Strip, umgeben von Hochhäusern und einem Wasserbecken mit einer farbenfrohen Fontäne, die eine leuchtende Regenbogenwirkung erzeugt.
2026-09-27 02:59:30 - __main__ - INFO - Reprocessing-Fortschritt: status=running, gesamt=98920, versucht=69, abgeschlossen=68, fehlgeschlagen=0, fehlend=0, in_arbeit=1, offen=98852
2026-09-27 03:00:30 - __main__ - INFO - Reprocessing-Fortschritt: status=running, gesamt=98920, versucht=69, abgeschlossen=68, fehlgeschlagen=0, fehlend=0, in_arbeit=1, offen=98852
2026-09-27 03:00:40 - filemind.routing.router - INFO - Rohes Smart-Name-Ergebnis: 'eiffelturm_fontaine_las_vegas_hochhauser'
2026-09-27 03:00:40 - filemind.routing.router - INFO - AI-Naming schlägt vor: 2012-09-06_eiffelturm_fontaine_las_vegas_hochhauser.jpg
2026-09-27 03:01:30 - __main__ - INFO - Reprocessing-Fortschritt: status=running, gesamt=98920, versucht=69, abgeschlossen=68, fehlgeschlagen=0, fehlend=0, in_arbeit=1, offen=98852
2026-09-27 03:02:16 - filemind.integrations.ai_naming - WARNING - KI-Ortserkennung lieferte kein gültiges JSON; Ortsangaben verworfen
2026-09-27 03:02:16 - filemind.integrations.ocr - INFO - OCR erfolgreich für '2026-05-01_Alter_Dame_Gelbe_Jacke_Baby_Sofa.jpg' - erkannter Text-Länge: 0
2026-09-27 03:02:16 - filemind.classification.classifier - INFO - Bildentscheidung: 2026-05-01_Alter_Dame_Gelbe_Jacke_Baby_Sofa.jpg | OCR-Wörter=0 (Dokument-Schwelle >= 15) | Farbigkeit=nicht ermittelt (Dokument-Schwelle <= 13.0; bei zu wenig OCR-Text nicht geprüft) | Ergebnis=Foto | Grund=zu wenige OCR-Wörter und kein Scan-/TIFF-Fallback
2026-09-27 03:02:16 - filemind.routing.router - INFO - Klassifizierung: 2026-05-01_Alter_Dame_Gelbe_Jacke_Baby_Sofa.jpg -> real_image (Vertrauen: 0.90)
2026-09-27 03:02:16 - filemind.integrations.ai_naming - INFO - Generiere Namen für: 2026-05-01_Alter_Dame_Gelbe_Jacke_Baby_Sofa.jpg (Typ: real_image)
2026-09-27 03:02:30 - __main__ - INFO - Reprocessing-Fortschritt: status=running, gesamt=98920, versucht=70, abgeschlossen=69, fehlgeschlagen=0, fehlend=0, in_arbeit=1, offen=98851
2026-09-27 03:03:30 - __main__ - INFO - Reprocessing-Fortschritt: status=running, gesamt=98920, versucht=70, abgeschlossen=69, fehlgeschlagen=0, fehlend=0, in_arbeit=1, offen=98851
2026-09-27 03:04:30 - __main__ - INFO - Reprocessing-Fortschritt: status=running, gesamt=98920, versucht=70, abgeschlossen=69, fehlgeschlagen=0, fehlend=0, in_arbeit=1, offen=98851
2026-09-27 03:05:30 - __main__ - INFO - Reprocessing-Fortschritt: status=running, gesamt=98920, versucht=70, abgeschlossen=69, fehlgeschlagen=0, fehlend=0, in_arbeit=1, offen=98851
2026-09-27 03:06:30 - __main__ - INFO - Reprocessing-Fortschritt: status=running, gesamt=98920, versucht=70, abgeschlossen=69, fehlgeschlagen=0, fehlend=0, in_arbeit=1, offen=98851
2026-09-27 03:07:30 - __main__ - INFO - Reprocessing-Fortschritt: status=running, gesamt=98920, versucht=70, abgeschlossen=69, fehlgeschlagen=0, fehlend=0, in_arbeit=1, offen=98851
2026-09-27 03:08:30 - __main__ - INFO - Reprocessing-Fortschritt: status=running, gesamt=98920, versucht=70, abgeschlossen=69, fehlgeschlagen=0, fehlend=0, in_arbeit=1, offen=98851
2026-09-27 03:09:30 - __main__ - INFO - Reprocessing-Fortschritt: status=running, gesamt=98920, versucht=70, abgeschlossen=69, fehlgeschlagen=0, fehlend=0, in_arbeit=1, offen=98851
2026-09-27 03:10:30 - __main__ - INFO - Reprocessing-Fortschritt: status=running, gesamt=98920, versucht=70, abgeschlossen=69, fehlgeschlagen=0, fehlend=0, in_arbeit=1, offen=98851
2026-09-27 03:11:30 - __main__ - INFO - Reprocessing-Fortschritt: status=running, gesamt=98920, versucht=70, abgeschlossen=69, fehlgeschlagen=0, fehlend=0, in_arbeit=1, offen=98851
2026-09-27 03:12:30 - __main__ - INFO - Reprocessing-Fortschritt: status=running, gesamt=98920, versucht=70, abgeschlossen=69, fehlgeschlagen=0, fehlend=0, in_arbeit=1, offen=98851
2026-09-27 03:13:30 - __main__ - INFO - Reprocessing-Fortschritt: status=running, gesamt=98920, versucht=70, abgeschlossen=69, fehlgeschlagen=0, fehlend=0, in_arbeit=1, offen=98851
2026-09-27 03:14:30 - __main__ - INFO - Reprocessing-Fortschritt: status=running, gesamt=98920, versucht=70, abgeschlossen=69, fehlgeschlagen=0, fehlend=0, in_arbeit=1, offen=98851
2026-09-27 03:15:30 - __main__ - INFO - Reprocessing-Fortschritt: status=running, gesamt=98920, versucht=70, abgeschlossen=69, fehlgeschlagen=0, fehlend=0, in_arbeit=1, offen=98851
2026-09-27 03:15:40 - filemind.integrations.ai_naming.ollama - INFO - Bildbeschreibung für 2026-05-01_Alter_Dame_Gelbe_Jacke_Baby_Sofa.jpg: Eine ältere Dame mit grauen Haaren und einer leuchtend gelben Strickjacke hält ein kleines Baby auf dem Schoß, während sie sich an einem braunen Sofa befindet.
2026-09-27 03:15:57 - filemind.routing.router - INFO - Rohes Smart-Name-Ergebnis: 'alter_dame_gelbe_jacke_baby_sofa'
2026-09-27 03:15:57 - filemind.routing.router - INFO - AI-Naming schlägt vor: 2026-05-01_alter_dame_gelbe_jacke_baby_sofa.jpg
2026-09-27 03:16:30 - __main__ - INFO - Reprocessing-Fortschritt: status=running, gesamt=98920, versucht=70, abgeschlossen=69, fehlgeschlagen=0, fehlend=0, in_arbeit=1, offen=98851
2026-09-27 03:17:30 - __main__ - INFO - Reprocessing-Fortschritt: status=running, gesamt=98920, versucht=70, abgeschlossen=69, fehlgeschlagen=0, fehlend=0, in_arbeit=1, offen=98851
2026-09-27 03:17:32 - filemind.integrations.ai_naming - WARNING - KI-Ortserkennung lieferte kein gültiges JSON; Ortsangaben verworfen
2026-09-27 03:17:32 - filemind.integrations.ocr - ERROR - Nicht unterstütztes Format: .NEF
2026-09-27 03:17:32 - filemind.classification.classifier - INFO - Bildentscheidung: 20070604_003750.NEF | OCR-Wörter=0 (Dokument-Schwelle >= 15) | Farbigkeit=nicht ermittelt (Dokument-Schwelle <= 13.0; bei zu wenig OCR-Text nicht geprüft) | Ergebnis=Foto | Grund=zu wenige OCR-Wörter und kein Scan-/TIFF-Fallback
2026-09-27 03:17:32 - filemind.routing.router - INFO - Klassifizierung: 20070604_003750.NEF -> real_image (Vertrauen: 0.90)
2026-09-27 03:17:32 - filemind.integrations.ai_naming - INFO - Generiere Namen für: 20070604_003750.NEF (Typ: real_image)
2026-09-27 03:18:30 - __main__ - INFO - Reprocessing-Fortschritt: status=running, gesamt=98920, versucht=71, abgeschlossen=70, fehlgeschlagen=0, fehlend=0, in_arbeit=1, offen=98850
2026-09-27 03:19:30 - __main__ - INFO - Reprocessing-Fortschritt: status=running, gesamt=98920, versucht=71, abgeschlossen=70, fehlgeschlagen=0, fehlend=0, in_arbeit=1, offen=98850
2026-09-27 03:20:30 - __main__ - INFO - Reprocessing-Fortschritt: status=running, gesamt=98920, versucht=71, abgeschlossen=70, fehlgeschlagen=0, fehlend=0, in_arbeit=1, offen=98850
2026-09-27 03:21:30 - __main__ - INFO - Reprocessing-Fortschritt: status=running, gesamt=98920, versucht=71, abgeschlossen=70, fehlgeschlagen=0, fehlend=0, in_arbeit=1, offen=98850
2026-09-27 03:22:30 - __main__ - INFO - Reprocessing-Fortschritt: status=running, gesamt=98920, versucht=71, abgeschlossen=70, fehlgeschlagen=0, fehlend=0, in_arbeit=1, offen=98850
2026-09-27 03:23:30 - __main__ - INFO - Reprocessing-Fortschritt: status=running, gesamt=98920, versucht=71, abgeschlossen=70, fehlgeschlagen=0, fehlend=0, in_arbeit=1, offen=98850
2026-09-27 03:24:30 - __main__ - INFO - Reprocessing-Fortschritt: status=running, gesamt=98920, versucht=71, abgeschlossen=70, fehlgeschlagen=0, fehlend=0, in_arbeit=1, offen=98850
2026-09-27 03:25:30 - __main__ - INFO - Reprocessing-Fortschritt: status=running, gesamt=98920, versucht=71, abgeschlossen=70, fehlgeschlagen=0, fehlend=0, in_arbeit=1, offen=98850
2026-09-27 03:26:30 - __main__ - INFO - Reprocessing-Fortschritt: status=running, gesamt=98920, versucht=71, abgeschlossen=70, fehlgeschlagen=0, fehlend=0, in_arbeit=1, offen=98850
2026-09-27 03:27:30 - __main__ - INFO - Reprocessing-Fortschritt: status=running, gesamt=98920, versucht=71, abgeschlossen=70, fehlgeschlagen=0, fehlend=0, in_arbeit=1, offen=98850
2026-09-27 03:28:30 - __main__ - INFO - Reprocessing-Fortschritt: status=running, gesamt=98920, versucht=71, abgeschlossen=70, fehlgeschlagen=0, fehlend=0, in_arbeit=1, offen=98850
2026-09-27 03:29:30 - __main__ - INFO - Reprocessing-Fortschritt: status=running, gesamt=98920, versucht=71, abgeschlossen=70, fehlgeschlagen=0, fehlend=0, in_arbeit=1, offen=98850
2026-09-27 03:30:18 - filemind.integrations.ai_naming.ollama - INFO - Bildbeschreibung für 20070604_003750.NEF: Ein Sonnenuntergang hinter Wolken, der sich durch die Dunkelheit hindurchbietet und eine warme, goldene Lichtstrahlung erzeugt.
2026-09-27 03:30:30 - __main__ - INFO - Reprocessing-Fortschritt: status=running, gesamt=98920, versucht=71, abgeschlossen=70, fehlgeschlagen=0, fehlend=0, in_arbeit=1, offen=98850
2026-09-27 03:30:33 - filemind.routing.router - INFO - Rohes Smart-Name-Ergebnis: 'sonne_wolken_untergang_golden'
2026-09-27 03:30:33 - filemind.routing.router - INFO - AI-Naming schlägt vor: 2007-07-14_sonne_wolken_untergang_golden.nef
2026-09-27 03:31:30 - __main__ - INFO - Reprocessing-Fortschritt: status=running, gesamt=98920, versucht=71, abgeschlossen=70, fehlgeschlagen=0, fehlend=0, in_arbeit=1, offen=98850
2026-09-27 03:32:08 - filemind.integrations.ai_naming - WARNING - KI-Ortserkennung lieferte kein gültiges JSON; Ortsangaben verworfen
2026-09-27 03:32:14 - filemind.routing.router - INFO - Klassifizierung: DdsImagePlugin.py -> other (Vertrauen: 0.50)
2026-09-27 03:32:14 - filemind.integrations.ai_naming - INFO - Generiere Namen für: DdsImagePlugin.py (Typ: other)
2026-09-27 03:32:14 - filemind.routing.router - INFO - Rohes Smart-Name-Ergebnis: 'datei_DdsImagePlugin'
2026-09-27 03:32:14 - filemind.routing.router - INFO - AI-Naming schlägt vor: 2026-02-07_datei_ddsimageplugin.py
2026-09-27 03:32:14 - filemind.integrations.metadata_extractor - INFO - Metadaten verarbeitet: DdsImagePlugin.py -> file_py_20260207_212324_19.1kb
2026-09-27 03:32:14 - filemind.routing.router - INFO - Klassifizierung: 09-29-2012_073211.tmb -> other (Vertrauen: 0.50)
2026-09-27 03:32:14 - filemind.integrations.ai_naming - INFO - Generiere Namen für: 09-29-2012_073211.tmb (Typ: other)
2026-09-27 03:32:14 - filemind.routing.router - INFO - Rohes Smart-Name-Ergebnis: 'datei_09-29-2012_073211'
2026-09-27 03:32:14 - filemind.routing.router - INFO - AI-Naming schlägt vor: 2012-09-29_datei_09292012_073211.tmb
2026-09-27 03:32:14 - filemind.integrations.metadata_extractor - INFO - Metadaten verarbeitet: 09-29-2012_073211.tmb -> file_tmb_20121002_114923_38.8kb
2026-09-27 03:32:14 - filemind.routing.router - INFO - Klassifizierung: D6.VFO -> other (Vertrauen: 0.50)
2026-09-27 03:32:14 - filemind.integrations.ai_naming - INFO - Generiere Namen für: D6.VFO (Typ: other)
2026-09-27 03:32:14 - filemind.routing.router - INFO - Rohes Smart-Name-Ergebnis: 'datei_D6'
2026-09-27 03:32:14 - filemind.routing.router - INFO - AI-Naming schlägt vor: 2011-05-19_datei_d6.vfo
2026-09-27 03:32:14 - filemind.integrations.metadata_extractor - INFO - Metadaten verarbeitet: D6.VFO -> file_vfo_20110519_183927_18.4kb
2026-09-27 03:32:30 - __main__ - INFO - Reprocessing-Fortschritt: status=running, gesamt=98920, versucht=75, abgeschlossen=74, fehlgeschlagen=0, fehlend=0, in_arbeit=1, offen=98846
2026-09-27 03:32:57 - filemind.integrations.ocr - INFO - OCR erfolgreich für 'DSC_1074.JPG' - erkannter Text-Länge: 6
2026-09-27 03:32:57 - filemind.classification.classifier - INFO - Bildentscheidung: DSC_1074.JPG | OCR-Wörter=1 (Dokument-Schwelle >= 15) | Farbigkeit=nicht ermittelt (Dokument-Schwelle <= 13.0; bei zu wenig OCR-Text nicht geprüft) | Ergebnis=Foto | Grund=zu wenige OCR-Wörter und kein Scan-/TIFF-Fallback
2026-09-27 03:32:57 - filemind.routing.router - INFO - Klassifizierung: DSC_1074.JPG -> real_image (Vertrauen: 0.90)
2026-09-27 03:32:57 - filemind.integrations.ai_naming - INFO - Generiere Namen für: DSC_1074.JPG (Typ: real_image)
2026-09-27 03:33:30 - __main__ - INFO - Reprocessing-Fortschritt: status=running, gesamt=98920, versucht=75, abgeschlossen=74, fehlgeschlagen=0, fehlend=0, in_arbeit=1, offen=98846
2026-09-27 03:34:30 - __main__ - INFO - Reprocessing-Fortschritt: status=running, gesamt=98920, versucht=75, abgeschlossen=74, fehlgeschlagen=0, fehlend=0, in_arbeit=1, offen=98846
2026-09-27 03:35:30 - __main__ - INFO - Reprocessing-Fortschritt: status=running, gesamt=98920, versucht=75, abgeschlossen=74, fehlgeschlagen=0, fehlend=0, in_arbeit=1, offen=98846
2026-09-27 03:36:30 - __main__ - INFO - Reprocessing-Fortschritt: status=running, gesamt=98920, versucht=75, abgeschlossen=74, fehlgeschlagen=0, fehlend=0, in_arbeit=1, offen=98846
2026-09-27 03:37:30 - __main__ - INFO - Reprocessing-Fortschritt: status=running, gesamt=98920, versucht=75, abgeschlossen=74, fehlgeschlagen=0, fehlend=0, in_arbeit=1, offen=98846
2026-09-27 03:38:30 - __main__ - INFO - Reprocessing-Fortschritt: status=running, gesamt=98920, versucht=75, abgeschlossen=74, fehlgeschlagen=0, fehlend=0, in_arbeit=1, offen=98846
2026-09-27 03:39:30 - __main__ - INFO - Reprocessing-Fortschritt: status=running, gesamt=98920, versucht=75, abgeschlossen=74, fehlgeschlagen=0, fehlend=0, in_arbeit=1, offen=98846
2026-09-27 03:40:30 - __main__ - INFO - Reprocessing-Fortschritt: status=running, gesamt=98920, versucht=75, abgeschlossen=74, fehlgeschlagen=0, fehlend=0, in_arbeit=1, offen=98846
2026-09-27 03:41:30 - __main__ - INFO - Reprocessing-Fortschritt: status=running, gesamt=98920, versucht=75, abgeschlossen=74, fehlgeschlagen=0, fehlend=0, in_arbeit=1, offen=98846
2026-09-27 03:42:30 - __main__ - INFO - Reprocessing-Fortschritt: status=running, gesamt=98920, versucht=75, abgeschlossen=74, fehlgeschlagen=0, fehlend=0, in_arbeit=1, offen=98846
2026-09-27 03:43:30 - __main__ - INFO - Reprocessing-Fortschritt: status=running, gesamt=98920, versucht=75, abgeschlossen=74, fehlgeschlagen=0, fehlend=0, in_arbeit=1, offen=98846
2026-09-27 03:44:30 - __main__ - INFO - Reprocessing-Fortschritt: status=running, gesamt=98920, versucht=75, abgeschlossen=74, fehlgeschlagen=0, fehlend=0, in_arbeit=1, offen=98846
2026-09-27 03:45:30 - __main__ - INFO - Reprocessing-Fortschritt: status=running, gesamt=98920, versucht=75, abgeschlossen=74, fehlgeschlagen=0, fehlend=0, in_arbeit=1, offen=98846
2026-09-27 03:46:11 - filemind.integrations.ai_naming.ollama - INFO - Bildbeschreibung für DSC_1074.JPG: Die Hauptfigur des Fotos ist ein belebter Hafen mit zahlreichen Yachten und Booten vor einer hügeligen, bewaldeten Küstenlinie, die sich unter einem klaren blauen Himmel erstreckt.
2026-09-27 03:46:29 - filemind.routing.router - INFO - Rohes Smart-Name-Ergebnis: 'hafen_yacht_kueste_hoehen'
2026-09-27 03:46:29 - filemind.routing.router - INFO - AI-Naming schlägt vor: 2017-09-19_hafen_yacht_kueste_hoehen.jpg
2026-09-27 03:46:30 - __main__ - INFO - Reprocessing-Fortschritt: status=running, gesamt=98920, versucht=75, abgeschlossen=74, fehlgeschlagen=0, fehlend=0, in_arbeit=1, offen=98846
2026-09-27 03:47:30 - __main__ - INFO - Reprocessing-Fortschritt: status=running, gesamt=98920, versucht=75, abgeschlossen=74, fehlgeschlagen=0, fehlend=0, in_arbeit=1, offen=98846
2026-09-27 03:48:05 - filemind.integrations.ai_naming - WARNING - KI-Ortserkennung lieferte kein gültiges JSON; Ortsangaben verworfen
2026-09-27 03:48:06 - filemind.routing.router - INFO - Klassifizierung: LICENSE -> other (Vertrauen: 0.50)
2026-09-27 03:48:06 - filemind.integrations.ai_naming - INFO - Generiere Namen für: LICENSE (Typ: other)
2026-09-27 03:48:06 - filemind.routing.router - INFO - Rohes Smart-Name-Ergebnis: 'datei_LICENSE'
2026-09-27 03:48:06 - filemind.routing.router - INFO - AI-Naming schlägt vor: 2026-02-07_datei_license
2026-09-27 03:48:06 - filemind.integrations.metadata_extractor - INFO - Metadaten verarbeitet: LICENSE -> file__20260207_212256_989b
2026-09-27 03:48:06 - filemind.routing.router - INFO - Klassifizierung: 00065.MTS -> other (Vertrauen: 0.50)
2026-09-27 03:48:06 - filemind.integrations.ai_naming - INFO - Generiere Namen für: 00065.MTS (Typ: other)
2026-09-27 03:48:06 - filemind.routing.router - INFO - Rohes Smart-Name-Ergebnis: 'datei_00065'
2026-09-27 03:48:06 - filemind.routing.router - INFO - AI-Naming schlägt vor: 2016-03-31_datei_00065.mts
2026-09-27 03:48:06 - filemind.integrations.metadata_extractor - INFO - Metadaten verarbeitet: 00065.MTS -> file_mts_20160331_151458_48.6mb
2026-09-27 03:48:07 - filemind.routing.router - INFO - Klassifizierung: ImageMath.py -> other (Vertrauen: 0.50)
2026-09-27 03:48:07 - filemind.integrations.ai_naming - INFO - Generiere Namen für: ImageMath.py (Typ: other)
2026-09-27 03:48:07 - filemind.routing.router - INFO - Rohes Smart-Name-Ergebnis: 'datei_ImageMath'
2026-09-27 03:48:07 - filemind.routing.router - INFO - AI-Naming schlägt vor: 2026-02-07_datei_imagemath.py
2026-09-27 03:48:07 - filemind.integrations.metadata_extractor - INFO - Metadaten verarbeitet: ImageMath.py -> file_py_20260207_181008_10.4kb
2026-09-27 03:48:07 - filemind.routing.router - INFO - Klassifizierung: installer.py -> other (Vertrauen: 0.50)
2026-09-27 03:48:07 - filemind.integrations.ai_naming - INFO - Generiere Namen für: installer.py (Typ: other)
2026-09-27 03:48:07 - filemind.routing.router - INFO - Rohes Smart-Name-Ergebnis: 'datei_installer'
2026-09-27 03:48:07 - filemind.routing.router - INFO - AI-Naming schlägt vor: 2026-01-26_datei_installer.py
2026-09-27 03:48:07 - filemind.integrations.metadata_extractor - INFO - Metadaten verarbeitet: installer.py -> file_py_20260126_210901_3.5kb
2026-09-27 03:48:07 - filemind.routing.router - INFO - Klassifizierung: 1.3.46.670589.11.42025.5.0.7344.2023022310300173990.dcm -> other (Vertrauen: 0.50)
2026-09-27 03:48:07 - filemind.integrations.ai_naming - INFO - Generiere Namen für: 1.3.46.670589.11.42025.5.0.7344.2023022310300173990.dcm (Typ: other)
2026-09-27 03:48:07 - filemind.routing.router - INFO - Rohes Smart-Name-Ergebnis: 'datei_1.3.46.670589.11.420'
2026-09-27 03:48:07 - filemind.routing.router - INFO - AI-Naming schlägt vor: 2023-02-26_datei_134667058911.dcm
2026-09-27 03:48:07 - filemind.integrations.metadata_extractor - INFO - Metadaten verarbeitet: 1.3.46.670589.11.42025.5.0.7344.2023022310300173990.dcm -> file_dcm_20230226_151945_523.5kb
2026-09-27 03:48:07 - filemind.integrations.ocr - ERROR - Nicht unterstütztes Format: .NEF
2026-09-27 03:48:07 - filemind.classification.classifier - INFO - Bildentscheidung: DSC_3497.NEF | OCR-Wörter=0 (Dokument-Schwelle >= 15) | Farbigkeit=nicht ermittelt (Dokument-Schwelle <= 13.0; bei zu wenig OCR-Text nicht geprüft) | Ergebnis=Foto | Grund=zu wenige OCR-Wörter und kein Scan-/TIFF-Fallback
2026-09-27 03:48:07 - filemind.routing.router - INFO - Klassifizierung: DSC_3497.NEF -> real_image (Vertrauen: 0.90)
2026-09-27 03:48:07 - filemind.integrations.ai_naming - INFO - Generiere Namen für: DSC_3497.NEF (Typ: real_image)
2026-09-27 03:48:30 - __main__ - INFO - Reprocessing-Fortschritt: status=running, gesamt=98920, versucht=81, abgeschlossen=80, fehlgeschlagen=0, fehlend=0, in_arbeit=1, offen=98840
2026-09-27 03:49:30 - __main__ - INFO - Reprocessing-Fortschritt: status=running, gesamt=98920, versucht=81, abgeschlossen=80, fehlgeschlagen=0, fehlend=0, in_arbeit=1, offen=98840
2026-09-27 03:50:30 - __main__ - INFO - Reprocessing-Fortschritt: status=running, gesamt=98920, versucht=81, abgeschlossen=80, fehlgeschlagen=0, fehlend=0, in_arbeit=1, offen=98840
2026-09-27 03:51:30 - __main__ - INFO - Reprocessing-Fortschritt: status=running, gesamt=98920, versucht=81, abgeschlossen=80, fehlgeschlagen=0, fehlend=0, in_arbeit=1, offen=98840
2026-09-27 03:52:30 - __main__ - INFO - Reprocessing-Fortschritt: status=running, gesamt=98920, versucht=81, abgeschlossen=80, fehlgeschlagen=0, fehlend=0, in_arbeit=1, offen=98840
2026-09-27 03:53:30 - __main__ - INFO - Reprocessing-Fortschritt: status=running, gesamt=98920, versucht=81, abgeschlossen=80, fehlgeschlagen=0, fehlend=0, in_arbeit=1, offen=98840
2026-09-27 03:54:30 - __main__ - INFO - Reprocessing-Fortschritt: status=running, gesamt=98920, versucht=81, abgeschlossen=80, fehlgeschlagen=0, fehlend=0, in_arbeit=1, offen=98840
2026-09-27 03:55:30 - __main__ - INFO - Reprocessing-Fortschritt: status=running, gesamt=98920, versucht=81, abgeschlossen=80, fehlgeschlagen=0, fehlend=0, in_arbeit=1, offen=98840
2026-09-27 03:56:30 - __main__ - INFO - Reprocessing-Fortschritt: status=running, gesamt=98920, versucht=81, abgeschlossen=80, fehlgeschlagen=0, fehlend=0, in_arbeit=1, offen=98840
2026-09-27 03:57:30 - __main__ - INFO - Reprocessing-Fortschritt: status=running, gesamt=98920, versucht=81, abgeschlossen=80, fehlgeschlagen=0, fehlend=0, in_arbeit=1, offen=98840
2026-09-27 03:58:30 - __main__ - INFO - Reprocessing-Fortschritt: status=running, gesamt=98920, versucht=81, abgeschlossen=80, fehlgeschlagen=0, fehlend=0, in_arbeit=1, offen=98840
2026-09-27 03:59:30 - __main__ - INFO - Reprocessing-Fortschritt: status=running, gesamt=98920, versucht=81, abgeschlossen=80, fehlgeschlagen=0, fehlend=0, in_arbeit=1, offen=98840
2026-09-27 04:00:30 - __main__ - INFO - Reprocessing-Fortschritt: status=running, gesamt=98920, versucht=81, abgeschlossen=80, fehlgeschlagen=0, fehlend=0, in_arbeit=1, offen=98840
2026-09-27 04:00:52 - filemind.integrations.ai_naming.ollama - INFO - Bildbeschreibung für DSC_3497.NEF: Ein roter Turm ist von einer weißen Lichterkette umgeben, die sich im Himmel über einem Platz erstreckt.
2026-09-27 04:01:07 - filemind.routing.router - INFO - Rohes Smart-Name-Ergebnis: 'roter_turm_weisse_lichterkette_himmel_platz'
2026-09-27 04:01:07 - filemind.routing.router - INFO - AI-Naming schlägt vor: 2016-03-28_roter_turm_weisse_lichterkette_himmel_platz.nef
2026-09-27 04:01:30 - __main__ - INFO - Reprocessing-Fortschritt: status=running, gesamt=98920, versucht=81, abgeschlossen=80, fehlgeschlagen=0, fehlend=0, in_arbeit=1, offen=98840
2026-09-27 04:02:30 - __main__ - INFO - Reprocessing-Fortschritt: status=running, gesamt=98920, versucht=81, abgeschlossen=80, fehlgeschlagen=0, fehlend=0, in_arbeit=1, offen=98840
2026-09-27 04:02:42 - filemind.integrations.ai_naming - WARNING - KI-Ortserkennung lieferte kein gültiges JSON; Ortsangaben verworfen
2026-09-27 04:02:48 - filemind.integrations.ocr - ERROR - Nicht unterstütztes Format: .NEF
2026-09-27 04:02:48 - filemind.classification.classifier - INFO - Bildentscheidung: DSC_4110.NEF | OCR-Wörter=0 (Dokument-Schwelle >= 15) | Farbigkeit=nicht ermittelt (Dokument-Schwelle <= 13.0; bei zu wenig OCR-Text nicht geprüft) | Ergebnis=Foto | Grund=zu wenige OCR-Wörter und kein Scan-/TIFF-Fallback
2026-09-27 04:02:48 - filemind.routing.router - INFO - Klassifizierung: DSC_4110.NEF -> real_image (Vertrauen: 0.90)
2026-09-27 04:02:48 - filemind.integrations.ai_naming - INFO - Generiere Namen für: DSC_4110.NEF (Typ: real_image)
2026-09-27 04:03:30 - __main__ - INFO - Reprocessing-Fortschritt: status=running, gesamt=98920, versucht=82, abgeschlossen=81, fehlgeschlagen=0, fehlend=0, in_arbeit=1, offen=98839
2026-09-27 04:04:30 - __main__ - INFO - Reprocessing-Fortschritt: status=running, gesamt=98920, versucht=82, abgeschlossen=81, fehlgeschlagen=0, fehlend=0, in_arbeit=1, offen=98839
2026-09-27 04:05:30 - __main__ - INFO - Reprocessing-Fortschritt: status=running, gesamt=98920, versucht=82, abgeschlossen=81, fehlgeschlagen=0, fehlend=0, in_arbeit=1, offen=98839
2026-09-27 04:06:30 - __main__ - INFO - Reprocessing-Fortschritt: status=running, gesamt=98920, versucht=82, abgeschlossen=81, fehlgeschlagen=0, fehlend=0, in_arbeit=1, offen=98839
2026-09-27 04:07:30 - __main__ - INFO - Reprocessing-Fortschritt: status=running, gesamt=98920, versucht=82, abgeschlossen=81, fehlgeschlagen=0, fehlend=0, in_arbeit=1, offen=98839
2026-09-27 04:08:30 - __main__ - INFO - Reprocessing-Fortschritt: status=running, gesamt=98920, versucht=82, abgeschlossen=81, fehlgeschlagen=0, fehlend=0, in_arbeit=1, offen=98839
2026-09-27 04:09:30 - __main__ - INFO - Reprocessing-Fortschritt: status=running, gesamt=98920, versucht=82, abgeschlossen=81, fehlgeschlagen=0, fehlend=0, in_arbeit=1, offen=98839
2026-09-27 04:10:30 - __main__ - INFO - Reprocessing-Fortschritt: status=running, gesamt=98920, versucht=82, abgeschlossen=81, fehlgeschlagen=0, fehlend=0, in_arbeit=1, offen=98839
2026-09-27 04:11:30 - __main__ - INFO - Reprocessing-Fortschritt: status=running, gesamt=98920, versucht=82, abgeschlossen=81, fehlgeschlagen=0, fehlend=0, in_arbeit=1, offen=98839
2026-09-27 04:12:30 - __main__ - INFO - Reprocessing-Fortschritt: status=running, gesamt=98920, versucht=82, abgeschlossen=81, fehlgeschlagen=0, fehlend=0, in_arbeit=1, offen=98839
2026-09-27 04:13:30 - __main__ - INFO - Reprocessing-Fortschritt: status=running, gesamt=98920, versucht=82, abgeschlossen=81, fehlgeschlagen=0, fehlend=0, in_arbeit=1, offen=98839
2026-09-27 04:14:30 - __main__ - INFO - Reprocessing-Fortschritt: status=running, gesamt=98920, versucht=82, abgeschlossen=81, fehlgeschlagen=0, fehlend=0, in_arbeit=1, offen=98839
2026-09-27 04:15:30 - __main__ - INFO - Reprocessing-Fortschritt: status=running, gesamt=98920, versucht=82, abgeschlossen=81, fehlgeschlagen=0, fehlend=0, in_arbeit=1, offen=98839
2026-09-27 04:15:33 - filemind.integrations.ai_naming.ollama - INFO - Bildbeschreibung für DSC_4110.NEF: Ein Grabstein und eine Blumenrabatte im Garten mit einer hohen Säule, die von rosa Blüten umgeben ist.
2026-09-27 04:15:47 - filemind.routing.router - INFO - Rohes Smart-Name-Ergebnis: 'grabstein_rosa_blumen_saal'
2026-09-27 04:15:47 - filemind.routing.router - INFO - AI-Naming schlägt vor: 2016-03-30_grabstein_rosa_blumen_saal.nef
2026-09-27 04:16:30 - __main__ - INFO - Reprocessing-Fortschritt: status=running, gesamt=98920, versucht=82, abgeschlossen=81, fehlgeschlagen=0, fehlend=0, in_arbeit=1, offen=98839
2026-09-27 04:17:22 - filemind.integrations.ai_naming - WARNING - KI-Ortserkennung lieferte kein gültiges JSON; Ortsangaben verworfen
2026-09-27 04:17:24 - filemind.integrations.ocr - INFO - OCR erfolgreich für '2026-04-19_Zweierkind_Regenschirm_Betonwand.jpg' - erkannter Text-Länge: 0
2026-09-27 04:17:24 - filemind.classification.classifier - INFO - Bildentscheidung: 2026-04-19_Zweierkind_Regenschirm_Betonwand.jpg | OCR-Wörter=0 (Dokument-Schwelle >= 15) | Farbigkeit=nicht ermittelt (Dokument-Schwelle <= 13.0; bei zu wenig OCR-Text nicht geprüft) | Ergebnis=Foto | Grund=zu wenige OCR-Wörter und kein Scan-/TIFF-Fallback
2026-09-27 04:17:24 - filemind.routing.router - INFO - Klassifizierung: 2026-04-19_Zweierkind_Regenschirm_Betonwand.jpg -> real_image (Vertrauen: 0.90)
2026-09-27 04:17:24 - filemind.integrations.ai_naming - INFO - Generiere Namen für: 2026-04-19_Zweierkind_Regenschirm_Betonwand.jpg (Typ: real_image)
2026-09-27 04:17:30 - __main__ - INFO - Reprocessing-Fortschritt: status=running, gesamt=98920, versucht=83, abgeschlossen=82, fehlgeschlagen=0, fehlend=0, in_arbeit=1, offen=98838
2026-09-27 04:18:30 - __main__ - INFO - Reprocessing-Fortschritt: status=running, gesamt=98920, versucht=83, abgeschlossen=82, fehlgeschlagen=0, fehlend=0, in_arbeit=1, offen=98838
2026-09-27 04:19:30 - __main__ - INFO - Reprocessing-Fortschritt: status=running, gesamt=98920, versucht=83, abgeschlossen=82, fehlgeschlagen=0, fehlend=0, in_arbeit=1, offen=98838
2026-09-27 04:20:30 - __main__ - INFO - Reprocessing-Fortschritt: status=running, gesamt=98920, versucht=83, abgeschlossen=82, fehlgeschlagen=0, fehlend=0, in_arbeit=1, offen=98838
2026-09-27 04:21:30 - __main__ - INFO - Reprocessing-Fortschritt: status=running, gesamt=98920, versucht=83, abgeschlossen=82, fehlgeschlagen=0, fehlend=0, in_arbeit=1, offen=98838
2026-09-27 04:22:30 - __main__ - INFO - Reprocessing-Fortschritt: status=running, gesamt=98920, versucht=83, abgeschlossen=82, fehlgeschlagen=0, fehlend=0, in_arbeit=1, offen=98838
2026-09-27 04:23:30 - __main__ - INFO - Reprocessing-Fortschritt: status=running, gesamt=98920, versucht=83, abgeschlossen=82, fehlgeschlagen=0, fehlend=0, in_arbeit=1, offen=98838
2026-09-27 04:24:30 - __main__ - INFO - Reprocessing-Fortschritt: status=running, gesamt=98920, versucht=83, abgeschlossen=82, fehlgeschlagen=0, fehlend=0, in_arbeit=1, offen=98838
2026-09-27 04:25:30 - __main__ - INFO - Reprocessing-Fortschritt: status=running, gesamt=98920, versucht=83, abgeschlossen=82, fehlgeschlagen=0, fehlend=0, in_arbeit=1, offen=98838
2026-09-27 04:26:30 - __main__ - INFO - Reprocessing-Fortschritt: status=running, gesamt=98920, versucht=83, abgeschlossen=82, fehlgeschlagen=0, fehlend=0, in_arbeit=1, offen=98838
2026-09-27 04:27:30 - __main__ - INFO - Reprocessing-Fortschritt: status=running, gesamt=98920, versucht=83, abgeschlossen=82, fehlgeschlagen=0, fehlend=0, in_arbeit=1, offen=98838
2026-09-27 04:28:30 - __main__ - INFO - Reprocessing-Fortschritt: status=running, gesamt=98920, versucht=83, abgeschlossen=82, fehlgeschlagen=0, fehlend=0, in_arbeit=1, offen=98838
2026-09-27 04:29:30 - __main__ - INFO - Reprocessing-Fortschritt: status=running, gesamt=98920, versucht=83, abgeschlossen=82, fehlgeschlagen=0, fehlend=0, in_arbeit=1, offen=98838
2026-09-27 04:30:11 - filemind.integrations.ai_naming.ollama - INFO - Bildbeschreibung für 2026-04-19_Zweierkind_Regenschirm_Betonwand.jpg: Zwei Kinder mit Regenschirmen stehen vor einer Betonwand und scheinen sich an einem Wetterangriff zu befinden.
2026-09-27 04:30:27 - filemind.routing.router - INFO - Rohes Smart-Name-Ergebnis: 'zweierkind_regenschirm_betonwand_wetterangriff'
2026-09-27 04:30:27 - filemind.routing.router - INFO - AI-Naming schlägt vor: 2026-04-19_zweierkind_regenschirm_betonwand_wetterangriff.jpg
2026-09-27 04:30:30 - __main__ - INFO - Reprocessing-Fortschritt: status=running, gesamt=98920, versucht=83, abgeschlossen=82, fehlgeschlagen=0, fehlend=0, in_arbeit=1, offen=98838
2026-09-27 04:31:30 - __main__ - INFO - Reprocessing-Fortschritt: status=running, gesamt=98920, versucht=83, abgeschlossen=82, fehlgeschlagen=0, fehlend=0, in_arbeit=1, offen=98838
2026-09-27 04:32:02 - filemind.integrations.ai_naming - WARNING - KI-Ortserkennung lieferte kein gültiges JSON; Ortsangaben verworfen
2026-09-27 04:32:04 - filemind.integrations.ocr - INFO - OCR erfolgreich für '.trashed-1758728558-1.3.46.670589.11.42025.5.0.7236.2023092516385538477.jpg' - erkannter Text-Länge: 0
2026-09-27 04:32:04 - filemind.classification.classifier - INFO - Bildentscheidung: .trashed-1758728558-1.3.46.670589.11.42025.5.0.7236.2023092516385538477.jpg | OCR-Wörter=0 (Dokument-Schwelle >= 15) | Farbigkeit=nicht ermittelt (Dokument-Schwelle <= 13.0; bei zu wenig OCR-Text nicht geprüft) | Ergebnis=Foto | Grund=zu wenige OCR-Wörter und kein Scan-/TIFF-Fallback
2026-09-27 04:32:04 - filemind.routing.router - INFO - Klassifizierung: .trashed-1758728558-1.3.46.670589.11.42025.5.0.7236.2023092516385538477.jpg -> real_image (Vertrauen: 0.90)
2026-09-27 04:32:04 - filemind.integrations.ai_naming - INFO - Generiere Namen für: .trashed-1758728558-1.3.46.670589.11.42025.5.0.7236.2023092516385538477.jpg (Typ: real_image)
2026-09-27 04:32:30 - __main__ - INFO - Reprocessing-Fortschritt: status=running, gesamt=98920, versucht=84, abgeschlossen=83, fehlgeschlagen=0, fehlend=0, in_arbeit=1, offen=98837
2026-09-27 04:33:30 - __main__ - INFO - Reprocessing-Fortschritt: status=running, gesamt=98920, versucht=84, abgeschlossen=83, fehlgeschlagen=0, fehlend=0, in_arbeit=1, offen=98837
2026-09-27 04:34:30 - __main__ - INFO - Reprocessing-Fortschritt: status=running, gesamt=98920, versucht=84, abgeschlossen=83, fehlgeschlagen=0, fehlend=0, in_arbeit=1, offen=98837
2026-09-27 04:35:30 - __main__ - INFO - Reprocessing-Fortschritt: status=running, gesamt=98920, versucht=84, abgeschlossen=83, fehlgeschlagen=0, fehlend=0, in_arbeit=1, offen=98837
2026-09-27 04:36:30 - __main__ - INFO - Reprocessing-Fortschritt: status=running, gesamt=98920, versucht=84, abgeschlossen=83, fehlgeschlagen=0, fehlend=0, in_arbeit=1, offen=98837
2026-09-27 04:37:30 - __main__ - INFO - Reprocessing-Fortschritt: status=running, gesamt=98920, versucht=84, abgeschlossen=83, fehlgeschlagen=0, fehlend=0, in_arbeit=1, offen=98837
2026-09-27 04:38:30 - __main__ - INFO - Reprocessing-Fortschritt: status=running, gesamt=98920, versucht=84, abgeschlossen=83, fehlgeschlagen=0, fehlend=0, in_arbeit=1, offen=98837
2026-09-27 04:39:30 - __main__ - INFO - Reprocessing-Fortschritt: status=running, gesamt=98920, versucht=84, abgeschlossen=83, fehlgeschlagen=0, fehlend=0, in_arbeit=1, offen=98837
2026-09-27 04:40:30 - __main__ - INFO - Reprocessing-Fortschritt: status=running, gesamt=98920, versucht=84, abgeschlossen=83, fehlgeschlagen=0, fehlend=0, in_arbeit=1, offen=98837
2026-09-27 04:41:30 - __main__ - INFO - Reprocessing-Fortschritt: status=running, gesamt=98920, versucht=84, abgeschlossen=83, fehlgeschlagen=0, fehlend=0, in_arbeit=1, offen=98837
2026-09-27 04:42:30 - __main__ - INFO - Reprocessing-Fortschritt: status=running, gesamt=98920, versucht=84, abgeschlossen=83, fehlgeschlagen=0, fehlend=0, in_arbeit=1, offen=98837
2026-09-27 04:43:30 - __main__ - INFO - Reprocessing-Fortschritt: status=running, gesamt=98920, versucht=84, abgeschlossen=83, fehlgeschlagen=0, fehlend=0, in_arbeit=1, offen=98837
2026-09-27 04:44:30 - __main__ - INFO - Reprocessing-Fortschritt: status=running, gesamt=98920, versucht=84, abgeschlossen=83, fehlgeschlagen=0, fehlend=0, in_arbeit=1, offen=98837
2026-09-27 04:44:49 - filemind.integrations.ai_naming.ollama - INFO - Bildbeschreibung für .trashed-1758728558-1.3.46.670589.11.42025.5.0.7236.2023092516385538477.jpg: Die Aufnahme zeigt eine MRT-Aufnahme eines menschlichen Beinabschnitts mit deutlich sichtbaren Knochen und Muskeln im Bereich des Unterschenkels.
2026-09-27 04:45:05 - filemind.routing.router - INFO - Rohes Smart-Name-Ergebnis: 'mrt_bein_knochen_muskeln_unterschenkel'
2026-09-27 04:45:05 - filemind.routing.router - INFO - AI-Naming schlägt vor: 2025-08-26_mrt_bein_knochen_muskeln_unterschenkel.jpg
2026-09-27 04:45:30 - __main__ - INFO - Reprocessing-Fortschritt: status=running, gesamt=98920, versucht=84, abgeschlossen=83, fehlgeschlagen=0, fehlend=0, in_arbeit=1, offen=98837
2026-09-27 04:46:30 - __main__ - INFO - Reprocessing-Fortschritt: status=running, gesamt=98920, versucht=84, abgeschlossen=83, fehlgeschlagen=0, fehlend=0, in_arbeit=1, offen=98837
2026-09-27 04:46:40 - filemind.integrations.ai_naming - WARNING - KI-Ortserkennung lieferte kein gültiges JSON; Ortsangaben verworfen
2026-09-27 04:46:40 - filemind.routing.router - INFO - Klassifizierung: A-85106,B-42,D-46877_A-85108.ydiff -> other (Vertrauen: 0.50)
2026-09-27 04:46:40 - filemind.integrations.ai_naming - INFO - Generiere Namen für: A-85106,B-42,D-46877_A-85108.ydiff (Typ: other)
2026-09-27 04:46:40 - filemind.routing.router - INFO - Rohes Smart-Name-Ergebnis: 'datei_A-85106,B-42,D-46877'
2026-09-27 04:46:40 - filemind.routing.router - INFO - AI-Naming schlägt vor: 2014-10-20_datei_a85106b42d46877.ydiff
2026-09-27 04:46:40 - filemind.integrations.metadata_extractor - INFO - Metadaten verarbeitet: A-85106,B-42,D-46877_A-85108.ydiff -> file_ydiff_20141020_081733_2.4kb
2026-09-27 04:46:40 - filemind.integrations.ocr - ERROR - Nicht unterstütztes Format: .NEF
2026-09-27 04:46:40 - filemind.classification.classifier - INFO - Bildentscheidung: DSC_0300.NEF | OCR-Wörter=0 (Dokument-Schwelle >= 15) | Farbigkeit=nicht ermittelt (Dokument-Schwelle <= 13.0; bei zu wenig OCR-Text nicht geprüft) | Ergebnis=Foto | Grund=zu wenige OCR-Wörter und kein Scan-/TIFF-Fallback
2026-09-27 04:46:40 - filemind.routing.router - INFO - Klassifizierung: DSC_0300.NEF -> real_image (Vertrauen: 0.90)
2026-09-27 04:46:40 - filemind.integrations.ai_naming - INFO - Generiere Namen für: DSC_0300.NEF (Typ: real_image)
2026-09-27 04:47:30 - __main__ - INFO - Reprocessing-Fortschritt: status=running, gesamt=98920, versucht=86, abgeschlossen=85, fehlgeschlagen=0, fehlend=0, in_arbeit=1, offen=98835
2026-09-27 04:48:30 - __main__ - INFO - Reprocessing-Fortschritt: status=running, gesamt=98920, versucht=86, abgeschlossen=85, fehlgeschlagen=0, fehlend=0, in_arbeit=1, offen=98835
2026-09-27 04:49:30 - __main__ - INFO - Reprocessing-Fortschritt: status=running, gesamt=98920, versucht=86, abgeschlossen=85, fehlgeschlagen=0, fehlend=0, in_arbeit=1, offen=98835
2026-09-27 04:50:30 - __main__ - INFO - Reprocessing-Fortschritt: status=running, gesamt=98920, versucht=86, abgeschlossen=85, fehlgeschlagen=0, fehlend=0, in_arbeit=1, offen=98835
2026-09-27 04:51:30 - __main__ - INFO - Reprocessing-Fortschritt: status=running, gesamt=98920, versucht=86, abgeschlossen=85, fehlgeschlagen=0, fehlend=0, in_arbeit=1, offen=98835
2026-09-27 04:52:30 - __main__ - INFO - Reprocessing-Fortschritt: status=running, gesamt=98920, versucht=86, abgeschlossen=85, fehlgeschlagen=0, fehlend=0, in_arbeit=1, offen=98835
2026-09-27 04:53:30 - __main__ - INFO - Reprocessing-Fortschritt: status=running, gesamt=98920, versucht=86, abgeschlossen=85, fehlgeschlagen=0, fehlend=0, in_arbeit=1, offen=98835
2026-09-27 04:54:30 - __main__ - INFO - Reprocessing-Fortschritt: status=running, gesamt=98920, versucht=86, abgeschlossen=85, fehlgeschlagen=0, fehlend=0, in_arbeit=1, offen=98835
2026-09-27 04:55:30 - __main__ - INFO - Reprocessing-Fortschritt: status=running, gesamt=98920, versucht=86, abgeschlossen=85, fehlgeschlagen=0, fehlend=0, in_arbeit=1, offen=98835
2026-09-27 04:56:30 - __main__ - INFO - Reprocessing-Fortschritt: status=running, gesamt=98920, versucht=86, abgeschlossen=85, fehlgeschlagen=0, fehlend=0, in_arbeit=1, offen=98835
2026-09-27 04:57:30 - __main__ - INFO - Reprocessing-Fortschritt: status=running, gesamt=98920, versucht=86, abgeschlossen=85, fehlgeschlagen=0, fehlend=0, in_arbeit=1, offen=98835
2026-09-27 04:58:30 - __main__ - INFO - Reprocessing-Fortschritt: status=running, gesamt=98920, versucht=86, abgeschlossen=85, fehlgeschlagen=0, fehlend=0, in_arbeit=1, offen=98835
2026-09-27 04:59:25 - filemind.integrations.ai_naming.ollama - INFO - Bildbeschreibung für DSC_0300.NEF: Ein Schild zeigt die Elektrifizierung eines Ortes durch Siemens-Schuckert, die 1929 eingeweiht wurde.
2026-09-27 04:59:30 - __main__ - INFO - Reprocessing-Fortschritt: status=running, gesamt=98920, versucht=86, abgeschlossen=85, fehlgeschlagen=0, fehlend=0, in_arbeit=1, offen=98835
2026-09-27 04:59:41 - filemind.routing.router - INFO - Rohes Smart-Name-Ergebnis: 'siemens_schuckert_elektrifizierung_1929_ein_schild'
2026-09-27 04:59:41 - filemind.routing.router - INFO - AI-Naming schlägt vor: 2013-10-15_siemens_schuckert_elektrifizierung_1929_ein_schild.nef
2026-09-27 05:00:30 - __main__ - INFO - Reprocessing-Fortschritt: status=running, gesamt=98920, versucht=86, abgeschlossen=85, fehlgeschlagen=0, fehlend=0, in_arbeit=1, offen=98835
2026-09-27 05:01:16 - filemind.integrations.ai_naming - WARNING - KI-Ortserkennung lieferte kein gültiges JSON; Ortsangaben verworfen
2026-09-27 05:01:16 - filemind.integrations.ocr - ERROR - Nicht unterstütztes Format: .NEF
2026-09-27 05:01:16 - filemind.classification.classifier - INFO - Bildentscheidung: DSC_4569.NEF | OCR-Wörter=0 (Dokument-Schwelle >= 15) | Farbigkeit=nicht ermittelt (Dokument-Schwelle <= 13.0; bei zu wenig OCR-Text nicht geprüft) | Ergebnis=Foto | Grund=zu wenige OCR-Wörter und kein Scan-/TIFF-Fallback
2026-09-27 05:01:16 - filemind.routing.router - INFO - Klassifizierung: DSC_4569.NEF -> real_image (Vertrauen: 0.90)
2026-09-27 05:01:16 - filemind.integrations.ai_naming - INFO - Generiere Namen für: DSC_4569.NEF (Typ: real_image)
2026-09-27 05:01:30 - __main__ - INFO - Reprocessing-Fortschritt: status=running, gesamt=98920, versucht=87, abgeschlossen=86, fehlgeschlagen=0, fehlend=0, in_arbeit=1, offen=98834
2026-09-27 05:02:30 - __main__ - INFO - Reprocessing-Fortschritt: status=running, gesamt=98920, versucht=87, abgeschlossen=86, fehlgeschlagen=0, fehlend=0, in_arbeit=1, offen=98834
2026-09-27 05:03:30 - __main__ - INFO - Reprocessing-Fortschritt: status=running, gesamt=98920, versucht=87, abgeschlossen=86, fehlgeschlagen=0, fehlend=0, in_arbeit=1, offen=98834
2026-09-27 05:04:30 - __main__ - INFO - Reprocessing-Fortschritt: status=running, gesamt=98920, versucht=87, abgeschlossen=86, fehlgeschlagen=0, fehlend=0, in_arbeit=1, offen=98834
2026-09-27 05:05:30 - __main__ - INFO - Reprocessing-Fortschritt: status=running, gesamt=98920, versucht=87, abgeschlossen=86, fehlgeschlagen=0, fehlend=0, in_arbeit=1, offen=98834
2026-09-27 05:06:30 - __main__ - INFO - Reprocessing-Fortschritt: status=running, gesamt=98920, versucht=87, abgeschlossen=86, fehlgeschlagen=0, fehlend=0, in_arbeit=1, offen=98834
2026-09-27 05:07:30 - __main__ - INFO - Reprocessing-Fortschritt: status=running, gesamt=98920, versucht=87, abgeschlossen=86, fehlgeschlagen=0, fehlend=0, in_arbeit=1, offen=98834
2026-09-27 05:08:30 - __main__ - INFO - Reprocessing-Fortschritt: status=running, gesamt=98920, versucht=87, abgeschlossen=86, fehlgeschlagen=0, fehlend=0, in_arbeit=1, offen=98834
2026-09-27 05:09:30 - __main__ - INFO - Reprocessing-Fortschritt: status=running, gesamt=98920, versucht=87, abgeschlossen=86, fehlgeschlagen=0, fehlend=0, in_arbeit=1, offen=98834
2026-09-27 05:10:30 - __main__ - INFO - Reprocessing-Fortschritt: status=running, gesamt=98920, versucht=87, abgeschlossen=86, fehlgeschlagen=0, fehlend=0, in_arbeit=1, offen=98834
2026-09-27 05:11:30 - __main__ - INFO - Reprocessing-Fortschritt: status=running, gesamt=98920, versucht=87, abgeschlossen=86, fehlgeschlagen=0, fehlend=0, in_arbeit=1, offen=98834
2026-09-27 05:12:30 - __main__ - INFO - Reprocessing-Fortschritt: status=running, gesamt=98920, versucht=87, abgeschlossen=86, fehlgeschlagen=0, fehlend=0, in_arbeit=1, offen=98834
2026-09-27 05:13:30 - __main__ - INFO - Reprocessing-Fortschritt: status=running, gesamt=98920, versucht=87, abgeschlossen=86, fehlgeschlagen=0, fehlend=0, in_arbeit=1, offen=98834
2026-09-27 05:14:03 - filemind.integrations.ai_naming.ollama - INFO - Bildbeschreibung für DSC_4569.NEF: Die Aufnahme zeigt einen hohen Baum mit dichtem Laubwerk und einem kräftigen Stamm, der sich gegen den Himmel abzeichnet.
2026-09-27 05:14:18 - filemind.routing.router - INFO - Rohes Smart-Name-Ergebnis: 'baum_laub_stammbild'
2026-09-27 05:14:18 - filemind.routing.router - INFO - AI-Naming schlägt vor: 2016-04-01_baum_laub_stammbild.nef
2026-09-27 05:14:30 - __main__ - INFO - Reprocessing-Fortschritt: status=running, gesamt=98920, versucht=87, abgeschlossen=86, fehlgeschlagen=0, fehlend=0, in_arbeit=1, offen=98834
2026-09-27 05:15:30 - __main__ - INFO - Reprocessing-Fortschritt: status=running, gesamt=98920, versucht=87, abgeschlossen=86, fehlgeschlagen=0, fehlend=0, in_arbeit=1, offen=98834
2026-09-27 05:15:52 - filemind.integrations.ai_naming - WARNING - KI-Ortserkennung lieferte kein gültiges JSON; Ortsangaben verworfen
2026-09-27 05:15:52 - filemind.integrations.ocr - ERROR - Nicht unterstütztes Format: .NEF
2026-09-27 05:15:52 - filemind.classification.classifier - INFO - Bildentscheidung: DSC_1929.NEF | OCR-Wörter=0 (Dokument-Schwelle >= 15) | Farbigkeit=nicht ermittelt (Dokument-Schwelle <= 13.0; bei zu wenig OCR-Text nicht geprüft) | Ergebnis=Foto | Grund=zu wenige OCR-Wörter und kein Scan-/TIFF-Fallback
2026-09-27 05:15:52 - filemind.routing.router - INFO - Klassifizierung: DSC_1929.NEF -> real_image (Vertrauen: 0.90)
2026-09-27 05:15:52 - filemind.integrations.ai_naming - INFO - Generiere Namen für: DSC_1929.NEF (Typ: real_image)
2026-09-27 05:16:30 - __main__ - INFO - Reprocessing-Fortschritt: status=running, gesamt=98920, versucht=88, abgeschlossen=87, fehlgeschlagen=0, fehlend=0, in_arbeit=1, offen=98833
2026-09-27 05:17:30 - __main__ - INFO - Reprocessing-Fortschritt: status=running, gesamt=98920, versucht=88, abgeschlossen=87, fehlgeschlagen=0, fehlend=0, in_arbeit=1, offen=98833
2026-09-27 05:18:30 - __main__ - INFO - Reprocessing-Fortschritt: status=running, gesamt=98920, versucht=88, abgeschlossen=87, fehlgeschlagen=0, fehlend=0, in_arbeit=1, offen=98833
2026-09-27 05:19:30 - __main__ - INFO - Reprocessing-Fortschritt: status=running, gesamt=98920, versucht=88, abgeschlossen=87, fehlgeschlagen=0, fehlend=0, in_arbeit=1, offen=98833
2026-09-27 05:20:30 - __main__ - INFO - Reprocessing-Fortschritt: status=running, gesamt=98920, versucht=88, abgeschlossen=87, fehlgeschlagen=0, fehlend=0, in_arbeit=1, offen=98833
2026-09-27 05:21:30 - __main__ - INFO - Reprocessing-Fortschritt: status=running, gesamt=98920, versucht=88, abgeschlossen=87, fehlgeschlagen=0, fehlend=0, in_arbeit=1, offen=98833
2026-09-27 05:22:30 - __main__ - INFO - Reprocessing-Fortschritt: status=running, gesamt=98920, versucht=88, abgeschlossen=87, fehlgeschlagen=0, fehlend=0, in_arbeit=1, offen=98833
2026-09-27 05:23:30 - __main__ - INFO - Reprocessing-Fortschritt: status=running, gesamt=98920, versucht=88, abgeschlossen=87, fehlgeschlagen=0, fehlend=0, in_arbeit=1, offen=98833
2026-09-27 05:24:30 - __main__ - INFO - Reprocessing-Fortschritt: status=running, gesamt=98920, versucht=88, abgeschlossen=87, fehlgeschlagen=0, fehlend=0, in_arbeit=1, offen=98833
2026-09-27 05:25:30 - __main__ - INFO - Reprocessing-Fortschritt: status=running, gesamt=98920, versucht=88, abgeschlossen=87, fehlgeschlagen=0, fehlend=0, in_arbeit=1, offen=98833
2026-09-27 05:26:30 - __main__ - INFO - Reprocessing-Fortschritt: status=running, gesamt=98920, versucht=88, abgeschlossen=87, fehlgeschlagen=0, fehlend=0, in_arbeit=1, offen=98833
2026-09-27 05:27:30 - __main__ - INFO - Reprocessing-Fortschritt: status=running, gesamt=98920, versucht=88, abgeschlossen=87, fehlgeschlagen=0, fehlend=0, in_arbeit=1, offen=98833
2026-09-27 05:28:30 - __main__ - INFO - Reprocessing-Fortschritt: status=running, gesamt=98920, versucht=88, abgeschlossen=87, fehlgeschlagen=0, fehlend=0, in_arbeit=1, offen=98833
2026-09-27 05:28:41 - filemind.integrations.ai_naming.ollama - INFO - Bildbeschreibung für DSC_1929.NEF: Ein Wasserfall fällt in einen dunklen Canyon, der von steilen, bewachsenen Felswänden umgeben ist und eine lebendige Szene für Wanderer und Naturfreunde bietet.
2026-09-27 05:28:58 - filemind.routing.router - INFO - Rohes Smart-Name-Ergebnis: 'wasserfall_canyon_felsen_wanderer'
2026-09-27 05:28:58 - filemind.routing.router - INFO - AI-Naming schlägt vor: 2016-03-24_wasserfall_canyon_felsen_wanderer.nef
2026-09-27 05:29:30 - __main__ - INFO - Reprocessing-Fortschritt: status=running, gesamt=98920, versucht=88, abgeschlossen=87, fehlgeschlagen=0, fehlend=0, in_arbeit=1, offen=98833
2026-09-27 05:30:30 - __main__ - INFO - Reprocessing-Fortschritt: status=running, gesamt=98920, versucht=88, abgeschlossen=87, fehlgeschlagen=0, fehlend=0, in_arbeit=1, offen=98833
2026-09-27 05:30:32 - filemind.integrations.ai_naming - WARNING - KI-Ortserkennung lieferte kein gültiges JSON; Ortsangaben verworfen
2026-09-27 05:30:33 - filemind.routing.router - INFO - Klassifizierung: 1.3.46.670589.11.42025.5.0.1076.2022102618220257095.dcm -> other (Vertrauen: 0.50)
2026-09-27 05:30:33 - filemind.integrations.ai_naming - INFO - Generiere Namen für: 1.3.46.670589.11.42025.5.0.1076.2022102618220257095.dcm (Typ: other)
2026-09-27 05:30:33 - filemind.routing.router - INFO - Rohes Smart-Name-Ergebnis: 'datei_1.3.46.670589.11.420'
2026-09-27 05:30:33 - filemind.routing.router - INFO - AI-Naming schlägt vor: 2023-02-26_datei_134667058911.dcm
2026-09-27 05:30:33 - filemind.integrations.metadata_extractor - INFO - Metadaten verarbeitet: 1.3.46.670589.11.42025.5.0.1076.2022102618220257095.dcm -> file_dcm_20230226_182738_2.0mb
2026-09-27 05:31:30 - __main__ - INFO - Reprocessing-Fortschritt: status=running, gesamt=98920, versucht=90, abgeschlossen=89, fehlgeschlagen=0, fehlend=0, in_arbeit=1, offen=98831
2026-09-27 05:31:37 - filemind.integrations.ocr - INFO - OCR erfolgreich für 'DSC_6727.JPG' - erkannter Text-Länge: 0
2026-09-27 05:31:37 - filemind.classification.classifier - INFO - Bildentscheidung: DSC_6727.JPG | OCR-Wörter=0 (Dokument-Schwelle >= 15) | Farbigkeit=nicht ermittelt (Dokument-Schwelle <= 13.0; bei zu wenig OCR-Text nicht geprüft) | Ergebnis=Foto | Grund=zu wenige OCR-Wörter und kein Scan-/TIFF-Fallback
2026-09-27 05:31:37 - filemind.routing.router - INFO - Klassifizierung: DSC_6727.JPG -> real_image (Vertrauen: 0.90)
2026-09-27 05:31:37 - filemind.integrations.ai_naming - INFO - Generiere Namen für: DSC_6727.JPG (Typ: real_image)
2026-09-27 05:32:30 - __main__ - INFO - Reprocessing-Fortschritt: status=running, gesamt=98920, versucht=90, abgeschlossen=89, fehlgeschlagen=0, fehlend=0, in_arbeit=1, offen=98831
2026-09-27 05:33:30 - __main__ - INFO - Reprocessing-Fortschritt: status=running, gesamt=98920, versucht=90, abgeschlossen=89, fehlgeschlagen=0, fehlend=0, in_arbeit=1, offen=98831
2026-09-27 05:34:30 - __main__ - INFO - Reprocessing-Fortschritt: status=running, gesamt=98920, versucht=90, abgeschlossen=89, fehlgeschlagen=0, fehlend=0, in_arbeit=1, offen=98831
2026-09-27 05:35:30 - __main__ - INFO - Reprocessing-Fortschritt: status=running, gesamt=98920, versucht=90, abgeschlossen=89, fehlgeschlagen=0, fehlend=0, in_arbeit=1, offen=98831
2026-09-27 05:36:30 - __main__ - INFO - Reprocessing-Fortschritt: status=running, gesamt=98920, versucht=90, abgeschlossen=89, fehlgeschlagen=0, fehlend=0, in_arbeit=1, offen=98831
2026-09-27 05:37:04 - filemind.integrations.ai_naming.ollama - INFO - Bildbeschreibung für DSC_6727.JPG: Die Hauptfigur des Fotos ist ein prächtiges, traditionelles japanisches Tempelgebäude mit einem goldenen Dach und einer steinernen Treppe, die von Menschen durchquert wird.
2026-09-27 05:37:30 - __main__ - INFO - Reprocessing-Fortschritt: status=running, gesamt=98920, versucht=90, abgeschlossen=89, fehlgeschlagen=0, fehlend=0, in_arbeit=1, offen=98831
2026-09-27 05:38:30 - __main__ - INFO - Reprocessing-Fortschritt: status=running, gesamt=98920, versucht=90, abgeschlossen=89, fehlgeschlagen=0, fehlend=0, in_arbeit=1, offen=98831
2026-09-27 05:38:32 - filemind.routing.router - INFO - Rohes Smart-Name-Ergebnis: 'tempel_gold_treppe_japanisch_stein'
2026-09-27 05:38:32 - filemind.routing.router - INFO - AI-Naming schlägt vor: 2016-04-08_tempel_gold_treppe_japanisch_stein.jpg
2026-09-27 05:39:30 - __main__ - INFO - Reprocessing-Fortschritt: status=running, gesamt=98920, versucht=90, abgeschlossen=89, fehlgeschlagen=0, fehlend=0, in_arbeit=1, offen=98831
2026-09-27 05:40:07 - filemind.integrations.ai_naming - WARNING - KI-Ortserkennung lieferte kein gültiges JSON; Ortsangaben verworfen
2026-09-27 05:40:08 - filemind.routing.router - INFO - Klassifizierung: A-19072,B-4,D-46371_D-46372.ydiff -> other (Vertrauen: 0.50)
2026-09-27 05:40:08 - filemind.integrations.ai_naming - INFO - Generiere Namen für: A-19072,B-4,D-46371_D-46372.ydiff (Typ: other)
2026-09-27 05:40:08 - filemind.routing.router - INFO - Rohes Smart-Name-Ergebnis: 'datei_A-19072,B-4,D-46371_'
2026-09-27 05:40:08 - filemind.routing.router - INFO - AI-Naming schlägt vor: 2014-07-06_datei_a19072b4d46371_.ydiff
2026-09-27 05:40:08 - filemind.integrations.metadata_extractor - INFO - Metadaten verarbeitet: A-19072,B-4,D-46371_D-46372.ydiff -> file_ydiff_20140706_173638_1.3kb
2026-09-27 05:40:08 - filemind.routing.router - INFO - Klassifizierung: I9001178 -> other (Vertrauen: 0.50)
2026-09-27 05:40:08 - filemind.integrations.ai_naming - INFO - Generiere Namen für: I9001178 (Typ: other)
2026-09-27 05:40:08 - filemind.routing.router - INFO - Rohes Smart-Name-Ergebnis: 'datei_I9001178'
2026-09-27 05:40:08 - filemind.routing.router - INFO - AI-Naming schlägt vor: 2023-02-26_datei_i9001178
2026-09-27 05:40:08 - filemind.integrations.metadata_extractor - INFO - Metadaten verarbeitet: I9001178 -> file__20230226_145623_521.6kb
2026-09-27 05:40:08 - filemind.routing.router - INFO - Klassifizierung: FinPad.csproj -> other (Vertrauen: 0.50)
2026-09-27 05:40:08 - filemind.integrations.ai_naming - INFO - Generiere Namen für: FinPad.csproj (Typ: other)
2026-09-27 05:40:08 - filemind.routing.router - INFO - Rohes Smart-Name-Ergebnis: 'datei_FinPad'
2026-09-27 05:40:08 - filemind.routing.router - INFO - AI-Naming schlägt vor: 2015-10-06_datei_finpad.csproj
2026-09-27 05:40:08 - filemind.integrations.metadata_extractor - INFO - Metadaten verarbeitet: FinPad.csproj -> file_csproj_20151006_123358_5.4kb
2026-09-27 05:40:08 - filemind.routing.router - INFO - Klassifizierung: _reader.cpython-313.pyc -> other (Vertrauen: 0.50)
2026-09-27 05:40:08 - filemind.integrations.ai_naming - INFO - Generiere Namen für: _reader.cpython-313.pyc (Typ: other)
2026-09-27 05:40:08 - filemind.routing.router - INFO - Rohes Smart-Name-Ergebnis: 'datei__reader.cpython-313'
2026-09-27 05:40:09 - filemind.routing.router - INFO - AI-Naming schlägt vor: 2026-02-07_datei__reader.pyc
2026-09-27 05:40:09 - filemind.integrations.metadata_extractor - INFO - Metadaten verarbeitet: _reader.cpython-313.pyc -> file_pyc_20260207_181007_78.5kb
2026-09-27 05:40:09 - filemind.routing.router - INFO - Klassifizierung: picture.py -> other (Vertrauen: 0.50)
2026-09-27 05:40:09 - filemind.integrations.ai_naming - INFO - Generiere Namen für: picture.py (Typ: other)
2026-09-27 05:40:09 - filemind.routing.router - INFO - Rohes Smart-Name-Ergebnis: 'datei_picture'
2026-09-27 05:40:09 - filemind.routing.router - INFO - AI-Naming schlägt vor: 2026-02-07_datei_picture.py
2026-09-27 05:40:09 - filemind.integrations.metadata_extractor - INFO - Metadaten verarbeitet: picture.py -> file_py_20260207_213925_1.1kb
2026-09-27 05:40:09 - filemind.routing.router - INFO - Klassifizierung: ImtImagePlugin.cpython-39.pyc -> other (Vertrauen: 0.50)
2026-09-27 05:40:09 - filemind.integrations.ai_naming - INFO - Generiere Namen für: ImtImagePlugin.cpython-39.pyc (Typ: other)
2026-09-27 05:40:09 - filemind.routing.router - INFO - Rohes Smart-Name-Ergebnis: 'datei_ImtImagePlugin.cpyth'
2026-09-27 05:40:09 - filemind.routing.router - INFO - AI-Naming schlägt vor: 2026-02-07_datei_imtimageplugin.pyc
2026-09-27 05:40:09 - filemind.integrations.metadata_extractor - INFO - Metadaten verarbeitet: ImtImagePlugin.cpython-39.pyc -> file_pyc_20260207_203826_1.4kb
2026-09-27 05:40:09 - filemind.routing.router - INFO - Klassifizierung: 09-12-2012_222938.m2ts -> other (Vertrauen: 0.50)
2026-09-27 05:40:09 - filemind.integrations.ai_naming - INFO - Generiere Namen für: 09-12-2012_222938.m2ts (Typ: other)
2026-09-27 05:40:09 - filemind.routing.router - INFO - Rohes Smart-Name-Ergebnis: 'datei_09-12-2012_222938'
2026-09-27 05:40:09 - filemind.routing.router - INFO - AI-Naming schlägt vor: 2012-10-02_datei_09122012_222938.m2ts
2026-09-27 05:40:09 - filemind.integrations.metadata_extractor - INFO - Metadaten verarbeitet: 09-12-2012_222938.m2ts -> file_m2ts_20121002_112412_84.4mb
2026-09-27 05:40:10 - filemind.routing.router - INFO - Klassifizierung: 1.3.46.670589.11.42025.5.0.8212.2024100715433918034.dcm -> other (Vertrauen: 0.50)
2026-09-27 05:40:10 - filemind.integrations.ai_naming - INFO - Generiere Namen für: 1.3.46.670589.11.42025.5.0.8212.2024100715433918034.dcm (Typ: other)
2026-09-27 05:40:10 - filemind.routing.router - INFO - Rohes Smart-Name-Ergebnis: 'datei_1.3.46.670589.11.420'
2026-09-27 05:40:10 - filemind.routing.router - INFO - AI-Naming schlägt vor: 2024-10-29_datei_134667058911.dcm
2026-09-27 05:40:10 - filemind.integrations.metadata_extractor - INFO - Metadaten verarbeitet: 1.3.46.670589.11.42025.5.0.8212.2024100715433918034.dcm -> file_dcm_20241029_082411_2.0mb
2026-09-27 05:40:11 - filemind.integrations.ocr - ERROR - Nicht unterstütztes Format: .NEF
2026-09-27 05:40:11 - filemind.classification.classifier - INFO - Bildentscheidung: DSC_2531.NEF | OCR-Wörter=0 (Dokument-Schwelle >= 15) | Farbigkeit=nicht ermittelt (Dokument-Schwelle <= 13.0; bei zu wenig OCR-Text nicht geprüft) | Ergebnis=Foto | Grund=zu wenige OCR-Wörter und kein Scan-/TIFF-Fallback
2026-09-27 05:40:11 - filemind.routing.router - INFO - Klassifizierung: DSC_2531.NEF -> real_image (Vertrauen: 0.90)
2026-09-27 05:40:11 - filemind.integrations.ai_naming - INFO - Generiere Namen für: DSC_2531.NEF (Typ: real_image)
2026-09-27 05:40:30 - __main__ - INFO - Reprocessing-Fortschritt: status=running, gesamt=98920, versucht=99, abgeschlossen=98, fehlgeschlagen=0, fehlend=0, in_arbeit=1, offen=98822
2026-09-27 05:41:30 - __main__ - INFO - Reprocessing-Fortschritt: status=running, gesamt=98920, versucht=99, abgeschlossen=98, fehlgeschlagen=0, fehlend=0, in_arbeit=1, offen=98822
2026-09-27 05:42:30 - __main__ - INFO - Reprocessing-Fortschritt: status=running, gesamt=98920, versucht=99, abgeschlossen=98, fehlgeschlagen=0, fehlend=0, in_arbeit=1, offen=98822
2026-09-27 05:43:30 - __main__ - INFO - Reprocessing-Fortschritt: status=running, gesamt=98920, versucht=99, abgeschlossen=98, fehlgeschlagen=0, fehlend=0, in_arbeit=1, offen=98822
2026-09-27 05:44:30 - __main__ - INFO - Reprocessing-Fortschritt: status=running, gesamt=98920, versucht=99, abgeschlossen=98, fehlgeschlagen=0, fehlend=0, in_arbeit=1, offen=98822
2026-09-27 05:45:30 - __main__ - INFO - Reprocessing-Fortschritt: status=running, gesamt=98920, versucht=99, abgeschlossen=98, fehlgeschlagen=0, fehlend=0, in_arbeit=1, offen=98822
2026-09-27 05:46:30 - __main__ - INFO - Reprocessing-Fortschritt: status=running, gesamt=98920, versucht=99, abgeschlossen=98, fehlgeschlagen=0, fehlend=0, in_arbeit=1, offen=98822
2026-09-27 05:47:30 - __main__ - INFO - Reprocessing-Fortschritt: status=running, gesamt=98920, versucht=99, abgeschlossen=98, fehlgeschlagen=0, fehlend=0, in_arbeit=1, offen=98822
2026-09-27 05:48:30 - __main__ - INFO - Reprocessing-Fortschritt: status=running, gesamt=98920, versucht=99, abgeschlossen=98, fehlgeschlagen=0, fehlend=0, in_arbeit=1, offen=98822
2026-09-27 05:49:30 - __main__ - INFO - Reprocessing-Fortschritt: status=running, gesamt=98920, versucht=99, abgeschlossen=98, fehlgeschlagen=0, fehlend=0, in_arbeit=1, offen=98822
2026-09-27 05:50:30 - __main__ - INFO - Reprocessing-Fortschritt: status=running, gesamt=98920, versucht=99, abgeschlossen=98, fehlgeschlagen=0, fehlend=0, in_arbeit=1, offen=98822
2026-09-27 05:51:30 - __main__ - INFO - Reprocessing-Fortschritt: status=running, gesamt=98920, versucht=99, abgeschlossen=98, fehlgeschlagen=0, fehlend=0, in_arbeit=1, offen=98822
2026-09-27 05:52:30 - __main__ - INFO - Reprocessing-Fortschritt: status=running, gesamt=98920, versucht=99, abgeschlossen=98, fehlgeschlagen=0, fehlend=0, in_arbeit=1, offen=98822
2026-09-27 05:52:56 - filemind.integrations.ai_naming.ollama - INFO - Bildbeschreibung für DSC_2531.NEF: Die Aufnahme zeigt eine große, detailreiche Modellierung einer Stadt auf einem Tisch, die als Museumsshow präsentiert wird.
2026-09-27 05:53:11 - filemind.routing.router - INFO - Rohes Smart-Name-Ergebnis: 'stadt_modell_uber_tisch'
2026-09-27 05:53:11 - filemind.routing.router - INFO - AI-Naming schlägt vor: 2016-03-25_stadt_modell_uber_tisch.nef
2026-09-27 05:53:30 - __main__ - INFO - Reprocessing-Fortschritt: status=running, gesamt=98920, versucht=99, abgeschlossen=98, fehlgeschlagen=0, fehlend=0, in_arbeit=1, offen=98822
2026-09-27 05:54:30 - __main__ - INFO - Reprocessing-Fortschritt: status=running, gesamt=98920, versucht=99, abgeschlossen=98, fehlgeschlagen=0, fehlend=0, in_arbeit=1, offen=98822
2026-09-27 05:54:45 - filemind.integrations.ai_naming - WARNING - KI-Ortserkennung lieferte kein gültiges JSON; Ortsangaben verworfen
2026-09-27 05:54:45 - filemind.routing.router - INFO - Klassifizierung: test_win32print.cpython-311.pyc -> other (Vertrauen: 0.50)
2026-09-27 05:54:45 - filemind.integrations.ai_naming - INFO - Generiere Namen für: test_win32print.cpython-311.pyc (Typ: other)
2026-09-27 05:54:45 - filemind.routing.router - INFO - Rohes Smart-Name-Ergebnis: 'datei_test_win32print.cpyt'
2026-09-27 05:54:45 - filemind.routing.router - INFO - AI-Naming schlägt vor: 2026-02-07_datei_test_win32print.pyc
2026-09-27 05:54:45 - filemind.integrations.metadata_extractor - INFO - Metadaten verarbeitet: test_win32print.cpython-311.pyc -> file_pyc_20260207_215349_1.6kb
2026-09-27 05:54:45 - filemind.integrations.ocr - ERROR - Nicht unterstütztes Format: .NEF
2026-09-27 05:54:45 - filemind.classification.classifier - INFO - Bildentscheidung: DSC_9454.NEF | OCR-Wörter=0 (Dokument-Schwelle >= 15) | Farbigkeit=nicht ermittelt (Dokument-Schwelle <= 13.0; bei zu wenig OCR-Text nicht geprüft) | Ergebnis=Foto | Grund=zu wenige OCR-Wörter und kein Scan-/TIFF-Fallback
2026-09-27 05:54:45 - filemind.routing.router - INFO - Klassifizierung: DSC_9454.NEF -> real_image (Vertrauen: 0.90)
2026-09-27 05:54:45 - filemind.integrations.ai_naming - INFO - Generiere Namen für: DSC_9454.NEF (Typ: real_image)
2026-09-27 05:55:30 - __main__ - INFO - Reprocessing-Fortschritt: status=running, gesamt=98920, versucht=101, abgeschlossen=100, fehlgeschlagen=0, fehlend=0, in_arbeit=1, offen=98820
2026-09-27 05:56:30 - __main__ - INFO - Reprocessing-Fortschritt: status=running, gesamt=98920, versucht=101, abgeschlossen=100, fehlgeschlagen=0, fehlend=0, in_arbeit=1, offen=98820
2026-09-27 05:57:30 - __main__ - INFO - Reprocessing-Fortschritt: status=running, gesamt=98920, versucht=101, abgeschlossen=100, fehlgeschlagen=0, fehlend=0, in_arbeit=1, offen=98820
2026-09-27 05:58:30 - __main__ - INFO - Reprocessing-Fortschritt: status=running, gesamt=98920, versucht=101, abgeschlossen=100, fehlgeschlagen=0, fehlend=0, in_arbeit=1, offen=98820
2026-09-27 05:59:30 - __main__ - INFO - Reprocessing-Fortschritt: status=running, gesamt=98920, versucht=101, abgeschlossen=100, fehlgeschlagen=0, fehlend=0, in_arbeit=1, offen=98820
2026-09-27 06:00:30 - __main__ - INFO - Reprocessing-Fortschritt: status=running, gesamt=98920, versucht=101, abgeschlossen=100, fehlgeschlagen=0, fehlend=0, in_arbeit=1, offen=98820
2026-09-27 06:01:30 - __main__ - INFO - Reprocessing-Fortschritt: status=running, gesamt=98920, versucht=101, abgeschlossen=100, fehlgeschlagen=0, fehlend=0, in_arbeit=1, offen=98820
2026-09-27 06:02:30 - __main__ - INFO - Reprocessing-Fortschritt: status=running, gesamt=98920, versucht=101, abgeschlossen=100, fehlgeschlagen=0, fehlend=0, in_arbeit=1, offen=98820
2026-09-27 06:03:30 - __main__ - INFO - Reprocessing-Fortschritt: status=running, gesamt=98920, versucht=101, abgeschlossen=100, fehlgeschlagen=0, fehlend=0, in_arbeit=1, offen=98820
2026-09-27 06:04:30 - __main__ - INFO - Reprocessing-Fortschritt: status=running, gesamt=98920, versucht=101, abgeschlossen=100, fehlgeschlagen=0, fehlend=0, in_arbeit=1, offen=98820
2026-09-27 06:05:30 - __main__ - INFO - Reprocessing-Fortschritt: status=running, gesamt=98920, versucht=101, abgeschlossen=100, fehlgeschlagen=0, fehlend=0, in_arbeit=1, offen=98820
2026-09-27 06:06:30 - __main__ - INFO - Reprocessing-Fortschritt: status=running, gesamt=98920, versucht=101, abgeschlossen=100, fehlgeschlagen=0, fehlend=0, in_arbeit=1, offen=98820
2026-09-27 06:07:30 - __main__ - INFO - Reprocessing-Fortschritt: status=running, gesamt=98920, versucht=101, abgeschlossen=100, fehlgeschlagen=0, fehlend=0, in_arbeit=1, offen=98820
2026-09-27 06:07:32 - filemind.integrations.ai_naming.ollama - INFO - Bildbeschreibung für DSC_9454.NEF: Die Aufnahme zeigt eine dunkle Höhlenformation mit einer hohen, weißen Felswand und einem schmiedeeisernen, rissigen Bereich im Inneren der Höhle.
2026-09-27 06:07:48 - filemind.routing.router - INFO - Rohes Smart-Name-Ergebnis: 'hoehle_weissstein_riss_hoehlenformationskern'
2026-09-27 06:07:48 - filemind.routing.router - INFO - AI-Naming schlägt vor: 2012-09-20_hoehle_weissstein_riss_hoehlenformationskern.nef
2026-09-27 06:08:30 - __main__ - INFO - Reprocessing-Fortschritt: status=running, gesamt=98920, versucht=101, abgeschlossen=100, fehlgeschlagen=0, fehlend=0, in_arbeit=1, offen=98820
2026-09-27 06:09:22 - filemind.integrations.ai_naming - WARNING - KI-Ortserkennung lieferte kein gültiges JSON; Ortsangaben verworfen
2026-09-27 06:09:23 - filemind.integrations.ocr - ERROR - Nicht unterstütztes Format: .NEF
2026-09-27 06:09:23 - filemind.classification.classifier - INFO - Bildentscheidung: DSC_1033.NEF | OCR-Wörter=0 (Dokument-Schwelle >= 15) | Farbigkeit=nicht ermittelt (Dokument-Schwelle <= 13.0; bei zu wenig OCR-Text nicht geprüft) | Ergebnis=Foto | Grund=zu wenige OCR-Wörter und kein Scan-/TIFF-Fallback
2026-09-27 06:09:23 - filemind.routing.router - INFO - Klassifizierung: DSC_1033.NEF -> real_image (Vertrauen: 0.90)
2026-09-27 06:09:23 - filemind.integrations.ai_naming - INFO - Generiere Namen für: DSC_1033.NEF (Typ: real_image)
2026-09-27 06:09:30 - __main__ - INFO - Reprocessing-Fortschritt: status=running, gesamt=98920, versucht=102, abgeschlossen=101, fehlgeschlagen=0, fehlend=0, in_arbeit=1, offen=98819
2026-09-27 06:10:30 - __main__ - INFO - Reprocessing-Fortschritt: status=running, gesamt=98920, versucht=102, abgeschlossen=101, fehlgeschlagen=0, fehlend=0, in_arbeit=1, offen=98819
2026-09-27 06:11:30 - __main__ - INFO - Reprocessing-Fortschritt: status=running, gesamt=98920, versucht=102, abgeschlossen=101, fehlgeschlagen=0, fehlend=0, in_arbeit=1, offen=98819
2026-09-27 06:12:30 - __main__ - INFO - Reprocessing-Fortschritt: status=running, gesamt=98920, versucht=102, abgeschlossen=101, fehlgeschlagen=0, fehlend=0, in_arbeit=1, offen=98819
2026-09-27 06:13:30 - __main__ - INFO - Reprocessing-Fortschritt: status=running, gesamt=98920, versucht=102, abgeschlossen=101, fehlgeschlagen=0, fehlend=0, in_arbeit=1, offen=98819
2026-09-27 06:14:30 - __main__ - INFO - Reprocessing-Fortschritt: status=running, gesamt=98920, versucht=102, abgeschlossen=101, fehlgeschlagen=0, fehlend=0, in_arbeit=1, offen=98819
2026-09-27 06:15:30 - __main__ - INFO - Reprocessing-Fortschritt: status=running, gesamt=98920, versucht=102, abgeschlossen=101, fehlgeschlagen=0, fehlend=0, in_arbeit=1, offen=98819
2026-09-27 06:16:30 - __main__ - INFO - Reprocessing-Fortschritt: status=running, gesamt=98920, versucht=102, abgeschlossen=101, fehlgeschlagen=0, fehlend=0, in_arbeit=1, offen=98819
2026-09-27 06:17:30 - __main__ - INFO - Reprocessing-Fortschritt: status=running, gesamt=98920, versucht=102, abgeschlossen=101, fehlgeschlagen=0, fehlend=0, in_arbeit=1, offen=98819
2026-09-27 06:18:30 - __main__ - INFO - Reprocessing-Fortschritt: status=running, gesamt=98920, versucht=102, abgeschlossen=101, fehlgeschlagen=0, fehlend=0, in_arbeit=1, offen=98819
2026-09-27 06:19:30 - __main__ - INFO - Reprocessing-Fortschritt: status=running, gesamt=98920, versucht=102, abgeschlossen=101, fehlgeschlagen=0, fehlend=0, in_arbeit=1, offen=98819
2026-09-27 06:20:30 - __main__ - INFO - Reprocessing-Fortschritt: status=running, gesamt=98920, versucht=102, abgeschlossen=101, fehlgeschlagen=0, fehlend=0, in_arbeit=1, offen=98819
2026-09-27 06:21:30 - __main__ - INFO - Reprocessing-Fortschritt: status=running, gesamt=98920, versucht=102, abgeschlossen=101, fehlgeschlagen=0, fehlend=0, in_arbeit=1, offen=98819
2026-09-27 06:22:08 - filemind.integrations.ai_naming.ollama - INFO - Bildbeschreibung für DSC_1033.NEF: Die Aufnahme zeigt eine ruhige, gepflasterte Plaza mit einer Palme und mehreren Gebäuden im Hintergrund unter einem klaren Himmel.
2026-09-27 06:22:22 - filemind.routing.router - INFO - Rohes Smart-Name-Ergebnis: 'platz_palme_hintergrund'
2026-09-27 06:22:22 - filemind.routing.router - INFO - AI-Naming schlägt vor: 2017-09-19_platz_palme_hintergrund.nef
2026-09-27 06:22:25 - filemind.routing.router - INFO - Klassifizierung: connectionpool.cpython-39.pyc -> other (Vertrauen: 0.50)
2026-09-27 06:22:25 - filemind.integrations.ai_naming - INFO - Generiere Namen für: connectionpool.cpython-39.pyc (Typ: other)
2026-09-27 06:22:25 - filemind.routing.router - INFO - Rohes Smart-Name-Ergebnis: 'datei_connectionpool.cpyth'
2026-09-27 06:22:25 - filemind.routing.router - INFO - AI-Naming schlägt vor: 2026-02-07_datei_connectionpool.pyc
2026-09-27 06:22:25 - filemind.integrations.metadata_extractor - INFO - Metadaten verarbeitet: connectionpool.cpython-39.pyc -> file_pyc_20260207_203822_27.9kb
2026-09-27 06:22:25 - filemind.routing.router - INFO - Klassifizierung: picture.cpython-313.pyc -> other (Vertrauen: 0.50)
2026-09-27 06:22:25 - filemind.integrations.ai_naming - INFO - Generiere Namen für: picture.cpython-313.pyc (Typ: other)
2026-09-27 06:22:25 - filemind.routing.router - INFO - Rohes Smart-Name-Ergebnis: 'datei_picture.cpython-313'
2026-09-27 06:22:26 - filemind.routing.router - INFO - AI-Naming schlägt vor: 2026-02-07_datei_picture.pyc
2026-09-27 06:22:26 - filemind.integrations.metadata_extractor - INFO - Metadaten verarbeitet: picture.cpython-313.pyc -> file_pyc_20260207_181028_4.3kb
2026-09-27 06:22:30 - __main__ - INFO - Reprocessing-Fortschritt: status=running, gesamt=98920, versucht=105, abgeschlossen=104, fehlgeschlagen=0, fehlend=0, in_arbeit=1, offen=98816
2026-09-27 06:23:10 - filemind.integrations.ocr - INFO - OCR erfolgreich für 'DSC_1981.JPG' - erkannter Text-Länge: 3
2026-09-27 06:23:10 - filemind.classification.classifier - INFO - Bildentscheidung: DSC_1981.JPG | OCR-Wörter=1 (Dokument-Schwelle >= 15) | Farbigkeit=nicht ermittelt (Dokument-Schwelle <= 13.0; bei zu wenig OCR-Text nicht geprüft) | Ergebnis=Foto | Grund=zu wenige OCR-Wörter und kein Scan-/TIFF-Fallback
2026-09-27 06:23:10 - filemind.routing.router - INFO - Klassifizierung: DSC_1981.JPG -> real_image (Vertrauen: 0.90)
2026-09-27 06:23:10 - filemind.integrations.ai_naming - INFO - Generiere Namen für: DSC_1981.JPG (Typ: real_image)
2026-09-27 06:23:30 - __main__ - INFO - Reprocessing-Fortschritt: status=running, gesamt=98920, versucht=105, abgeschlossen=104, fehlgeschlagen=0, fehlend=0, in_arbeit=1, offen=98816
2026-09-27 06:24:30 - __main__ - INFO - Reprocessing-Fortschritt: status=running, gesamt=98920, versucht=105, abgeschlossen=104, fehlgeschlagen=0, fehlend=0, in_arbeit=1, offen=98816
2026-09-27 06:25:30 - __main__ - INFO - Reprocessing-Fortschritt: status=running, gesamt=98920, versucht=105, abgeschlossen=104, fehlgeschlagen=0, fehlend=0, in_arbeit=1, offen=98816
2026-09-27 06:26:30 - __main__ - INFO - Reprocessing-Fortschritt: status=running, gesamt=98920, versucht=105, abgeschlossen=104, fehlgeschlagen=0, fehlend=0, in_arbeit=1, offen=98816
2026-09-27 06:27:30 - __main__ - INFO - Reprocessing-Fortschritt: status=running, gesamt=98920, versucht=105, abgeschlossen=104, fehlgeschlagen=0, fehlend=0, in_arbeit=1, offen=98816
2026-09-27 06:28:30 - __main__ - INFO - Reprocessing-Fortschritt: status=running, gesamt=98920, versucht=105, abgeschlossen=104, fehlgeschlagen=0, fehlend=0, in_arbeit=1, offen=98816
2026-09-27 06:29:30 - __main__ - INFO - Reprocessing-Fortschritt: status=running, gesamt=98920, versucht=105, abgeschlossen=104, fehlgeschlagen=0, fehlend=0, in_arbeit=1, offen=98816
2026-09-27 06:30:30 - __main__ - INFO - Reprocessing-Fortschritt: status=running, gesamt=98920, versucht=105, abgeschlossen=104, fehlgeschlagen=0, fehlend=0, in_arbeit=1, offen=98816
2026-09-27 06:31:30 - __main__ - INFO - Reprocessing-Fortschritt: status=running, gesamt=98920, versucht=105, abgeschlossen=104, fehlgeschlagen=0, fehlend=0, in_arbeit=1, offen=98816
2026-09-27 06:32:30 - __main__ - INFO - Reprocessing-Fortschritt: status=running, gesamt=98920, versucht=105, abgeschlossen=104, fehlgeschlagen=0, fehlend=0, in_arbeit=1, offen=98816
2026-09-27 06:33:30 - __main__ - INFO - Reprocessing-Fortschritt: status=running, gesamt=98920, versucht=105, abgeschlossen=104, fehlgeschlagen=0, fehlend=0, in_arbeit=1, offen=98816
2026-09-27 06:34:30 - __main__ - INFO - Reprocessing-Fortschritt: status=running, gesamt=98920, versucht=105, abgeschlossen=104, fehlgeschlagen=0, fehlend=0, in_arbeit=1, offen=98816
2026-09-27 06:35:30 - __main__ - INFO - Reprocessing-Fortschritt: status=running, gesamt=98920, versucht=105, abgeschlossen=104, fehlgeschlagen=0, fehlend=0, in_arbeit=1, offen=98816
2026-09-27 06:36:22 - filemind.integrations.ai_naming.ollama - INFO - Bildbeschreibung für DSC_1981.JPG: Ein traditionelles japanisches Shinto-Schrein mit zwei Personen vor dem Eingang und einem großen Baum im Vordergrund.
2026-09-27 06:36:30 - __main__ - INFO - Reprocessing-Fortschritt: status=running, gesamt=98920, versucht=105, abgeschlossen=104, fehlgeschlagen=0, fehlend=0, in_arbeit=1, offen=98816
2026-09-27 06:36:36 - filemind.routing.router - INFO - Rohes Smart-Name-Ergebnis: 'shinto_japanischer_schrein_baum_personen'
2026-09-27 06:36:36 - filemind.routing.router - INFO - AI-Naming schlägt vor: 2016-03-24_shinto_japanischer_schrein_baum_personen.jpg
2026-09-27 06:37:30 - __main__ - INFO - Reprocessing-Fortschritt: status=running, gesamt=98920, versucht=105, abgeschlossen=104, fehlgeschlagen=0, fehlend=0, in_arbeit=1, offen=98816
2026-09-27 06:38:12 - filemind.integrations.ai_naming - WARNING - KI-Ortserkennung lieferte kein gültiges JSON; Ortsangaben verworfen
2026-09-27 06:38:30 - __main__ - INFO - Reprocessing-Fortschritt: status=running, gesamt=98920, versucht=106, abgeschlossen=105, fehlgeschlagen=0, fehlend=0, in_arbeit=1, offen=98815
2026-09-27 06:38:50 - filemind.integrations.ocr - INFO - OCR erfolgreich für 'DSC_5558.JPG' - erkannter Text-Länge: 0
2026-09-27 06:38:50 - filemind.classification.classifier - INFO - Bildentscheidung: DSC_5558.JPG | OCR-Wörter=0 (Dokument-Schwelle >= 15) | Farbigkeit=nicht ermittelt (Dokument-Schwelle <= 13.0; bei zu wenig OCR-Text nicht geprüft) | Ergebnis=Foto | Grund=zu wenige OCR-Wörter und kein Scan-/TIFF-Fallback
2026-09-27 06:38:50 - filemind.routing.router - INFO - Klassifizierung: DSC_5558.JPG -> real_image (Vertrauen: 0.90)
2026-09-27 06:38:50 - filemind.integrations.ai_naming - INFO - Generiere Namen für: DSC_5558.JPG (Typ: real_image)
2026-09-27 06:39:30 - __main__ - INFO - Reprocessing-Fortschritt: status=running, gesamt=98920, versucht=106, abgeschlossen=105, fehlgeschlagen=0, fehlend=0, in_arbeit=1, offen=98815
2026-09-27 06:40:30 - __main__ - INFO - Reprocessing-Fortschritt: status=running, gesamt=98920, versucht=106, abgeschlossen=105, fehlgeschlagen=0, fehlend=0, in_arbeit=1, offen=98815
2026-09-27 06:41:30 - __main__ - INFO - Reprocessing-Fortschritt: status=running, gesamt=98920, versucht=106, abgeschlossen=105, fehlgeschlagen=0, fehlend=0, in_arbeit=1, offen=98815
2026-09-27 06:42:30 - __main__ - INFO - Reprocessing-Fortschritt: status=running, gesamt=98920, versucht=106, abgeschlossen=105, fehlgeschlagen=0, fehlend=0, in_arbeit=1, offen=98815
2026-09-27 06:43:30 - __main__ - INFO - Reprocessing-Fortschritt: status=running, gesamt=98920, versucht=106, abgeschlossen=105, fehlgeschlagen=0, fehlend=0, in_arbeit=1, offen=98815
2026-09-27 06:44:30 - __main__ - INFO - Reprocessing-Fortschritt: status=running, gesamt=98920, versucht=106, abgeschlossen=105, fehlgeschlagen=0, fehlend=0, in_arbeit=1, offen=98815
2026-09-27 06:45:30 - __main__ - INFO - Reprocessing-Fortschritt: status=running, gesamt=98920, versucht=106, abgeschlossen=105, fehlgeschlagen=0, fehlend=0, in_arbeit=1, offen=98815
2026-09-27 06:46:30 - __main__ - INFO - Reprocessing-Fortschritt: status=running, gesamt=98920, versucht=106, abgeschlossen=105, fehlgeschlagen=0, fehlend=0, in_arbeit=1, offen=98815
2026-09-27 06:47:30 - __main__ - INFO - Reprocessing-Fortschritt: status=running, gesamt=98920, versucht=106, abgeschlossen=105, fehlgeschlagen=0, fehlend=0, in_arbeit=1, offen=98815
2026-09-27 06:48:30 - __main__ - INFO - Reprocessing-Fortschritt: status=running, gesamt=98920, versucht=106, abgeschlossen=105, fehlgeschlagen=0, fehlend=0, in_arbeit=1, offen=98815
2026-09-27 06:49:30 - __main__ - INFO - Reprocessing-Fortschritt: status=running, gesamt=98920, versucht=106, abgeschlossen=105, fehlgeschlagen=0, fehlend=0, in_arbeit=1, offen=98815
2026-09-27 06:50:30 - __main__ - INFO - Reprocessing-Fortschritt: status=running, gesamt=98920, versucht=106, abgeschlossen=105, fehlgeschlagen=0, fehlend=0, in_arbeit=1, offen=98815
2026-09-27 06:51:30 - __main__ - INFO - Reprocessing-Fortschritt: status=running, gesamt=98920, versucht=106, abgeschlossen=105, fehlgeschlagen=0, fehlend=0, in_arbeit=1, offen=98815
2026-09-27 06:52:03 - filemind.integrations.ai_naming.ollama - INFO - Bildbeschreibung für DSC_5558.JPG: Eine Statue eines Mannes auf einem Sockel steht in einer grünen, moosbewachsenen Landschaft mit Bäumen und Sträuchern.
2026-09-27 06:52:18 - filemind.routing.router - INFO - Rohes Smart-Name-Ergebnis: 'mann_statue_gruen_landschaft'
2026-09-27 06:52:18 - filemind.routing.router - INFO - AI-Naming schlägt vor: 2016-04-04_mann_statue_gruen_landschaft.jpg
2026-09-27 06:52:30 - __main__ - INFO - Reprocessing-Fortschritt: status=running, gesamt=98920, versucht=106, abgeschlossen=105, fehlgeschlagen=0, fehlend=0, in_arbeit=1, offen=98815
2026-09-27 06:53:30 - __main__ - INFO - Reprocessing-Fortschritt: status=running, gesamt=98920, versucht=106, abgeschlossen=105, fehlgeschlagen=0, fehlend=0, in_arbeit=1, offen=98815
2026-09-27 06:53:54 - filemind.integrations.ai_naming - WARNING - KI-Ortserkennung lieferte kein gültiges JSON; Ortsangaben verworfen
2026-09-27 06:53:54 - filemind.integrations.ocr - ERROR - Nicht unterstütztes Format: .NEF
2026-09-27 06:53:54 - filemind.classification.classifier - INFO - Bildentscheidung: DSC_1641.NEF | OCR-Wörter=0 (Dokument-Schwelle >= 15) | Farbigkeit=nicht ermittelt (Dokument-Schwelle <= 13.0; bei zu wenig OCR-Text nicht geprüft) | Ergebnis=Foto | Grund=zu wenige OCR-Wörter und kein Scan-/TIFF-Fallback
2026-09-27 06:53:54 - filemind.routing.router - INFO - Klassifizierung: DSC_1641.NEF -> real_image (Vertrauen: 0.90)
2026-09-27 06:53:54 - filemind.integrations.ai_naming - INFO - Generiere Namen für: DSC_1641.NEF (Typ: real_image)
2026-09-27 06:54:30 - __main__ - INFO - Reprocessing-Fortschritt: status=running, gesamt=98920, versucht=107, abgeschlossen=106, fehlgeschlagen=0, fehlend=0, in_arbeit=1, offen=98814
2026-09-27 06:55:30 - __main__ - INFO - Reprocessing-Fortschritt: status=running, gesamt=98920, versucht=107, abgeschlossen=106, fehlgeschlagen=0, fehlend=0, in_arbeit=1, offen=98814
2026-09-27 06:56:30 - __main__ - INFO - Reprocessing-Fortschritt: status=running, gesamt=98920, versucht=107, abgeschlossen=106, fehlgeschlagen=0, fehlend=0, in_arbeit=1, offen=98814
2026-09-27 06:57:30 - __main__ - INFO - Reprocessing-Fortschritt: status=running, gesamt=98920, versucht=107, abgeschlossen=106, fehlgeschlagen=0, fehlend=0, in_arbeit=1, offen=98814
2026-09-27 06:58:30 - __main__ - INFO - Reprocessing-Fortschritt: status=running, gesamt=98920, versucht=107, abgeschlossen=106, fehlgeschlagen=0, fehlend=0, in_arbeit=1, offen=98814
2026-09-27 06:58:54 - filemind.integrations.ai_naming.ollama - WARNING - Ollama-Request fehlgeschlagen (http://localhost:11434/api/generate): ('Connection aborted.', RemoteDisconnected('Remote end closed connection without response'))
2026-09-27 06:58:54 - filemind.routing.router - INFO - Rohes Smart-Name-Ergebnis: 'foto_DSC_1641'
2026-09-27 06:58:54 - filemind.routing.router - INFO - AI-Naming schlägt vor: 2016-03-23_foto_dsc_1641.nef
2026-09-27 06:58:54 - filemind.integrations.ai_naming.ollama - WARNING - Ollama-Request fehlgeschlagen (http://localhost:11434/api/generate): HTTPConnectionPool(host='localhost', port=11434): Max retries exceeded with url: /api/generate (Caused by NewConnectionError("HTTPConnection(host='localhost', port=11434): Failed to establish a new connection: [Errno 111] Connection refused"))
2026-09-27 06:59:08 - __main__ - INFO - Signal SIGTERM empfangen, fahre herunter...
2026-09-27 06:59:30 - __main__ - INFO - Reprocessing-Fortschritt: status=running, gesamt=98920, versucht=108, abgeschlossen=107, fehlgeschlagen=0, fehlend=0, in_arbeit=1, offen=98813
2026-09-27 07:00:06 - filemind.integrations.ocr - INFO - OCR erfolgreich für 'DSC_0270.JPG' - erkannter Text-Länge: 0
2026-09-27 07:00:06 - filemind.classification.classifier - INFO - Bildentscheidung: DSC_0270.JPG | OCR-Wörter=0 (Dokument-Schwelle >= 15) | Farbigkeit=nicht ermittelt (Dokument-Schwelle <= 13.0; bei zu wenig OCR-Text nicht geprüft) | Ergebnis=Foto | Grund=zu wenige OCR-Wörter und kein Scan-/TIFF-Fallback
2026-09-27 07:00:06 - filemind.routing.router - INFO - Klassifizierung: DSC_0270.JPG -> real_image (Vertrauen: 0.90)
2026-09-27 07:00:06 - filemind.integrations.ai_naming - INFO - Generiere Namen für: DSC_0270.JPG (Typ: real_image)
2026-09-27 07:00:30 - __main__ - INFO - Reprocessing-Fortschritt: status=running, gesamt=98920, versucht=108, abgeschlossen=107, fehlgeschlagen=0, fehlend=0, in_arbeit=1, offen=98813
2026-09-27 07:01:08 - root - INFO - filemind Logging System gestartet
2026-09-27 07:01:08 - filemind.logging_utils.logger - INFO - Log-Level geändert zu: INFO
2026-09-27 07:01:08 - __main__ - INFO - filemind Daemon startet mit Log-Level: INFO
2026-09-27 07:01:08 - __main__ - INFO - ============================================================
2026-09-27 07:01:08 - __main__ - INFO - filemind Daemon gestartet
2026-09-27 07:01:08 - __main__ - INFO - filemind Version: 0.3.1
2026-09-27 07:01:08 - __main__ - INFO - ============================================================
2026-09-27 07:01:08 - __main__ - INFO - Input-Ordner konfiguriert: /media/storage_main/syncthing (action=copy)
2026-09-27 07:01:08 - __main__ - INFO - Input-Ordner konfiguriert: /media/storage_main/altes_backup (action=move)
2026-09-27 07:01:15 - __main__ - INFO - Erneute Verarbeitung angefordert: 98920 gespeicherte Dateien
2026-09-27 07:01:15 - __main__ - INFO - Überwache 2 Input-Ordner mit 300.0s Intervall
2026-09-27 07:01:15 - __main__ - INFO - Duplikatprüfung läuft: 1000 Ziel-Dateien geprüft (0 neu gehasht)
2026-09-27 07:01:15 - __main__ - INFO - Duplikatprüfung läuft: 2000 Ziel-Dateien geprüft (0 neu gehasht)
2026-09-27 07:01:15 - __main__ - INFO - Duplikatprüfung läuft: 3000 Ziel-Dateien geprüft (0 neu gehasht)
2026-09-27 07:01:15 - __main__ - INFO - Duplikatprüfung läuft: 4000 Ziel-Dateien geprüft (0 neu gehasht)
2026-09-27 07:01:15 - __main__ - INFO - Duplikatprüfung läuft: 5000 Ziel-Dateien geprüft (0 neu gehasht)
2026-09-27 07:01:15 - __main__ - INFO - Duplikatprüfung läuft: 6000 Ziel-Dateien geprüft (0 neu gehasht)
2026-09-27 07:01:15 - __main__ - INFO - Duplikatprüfung läuft: 7000 Ziel-Dateien geprüft (0 neu gehasht)
2026-09-27 07:01:15 - __main__ - INFO - Duplikatprüfung läuft: 8000 Ziel-Dateien geprüft (0 neu gehasht)
2026-09-27 07:01:15 - __main__ - INFO - Duplikatprüfung läuft: 9000 Ziel-Dateien geprüft (0 neu gehasht)
2026-09-27 07:01:15 - __main__ - INFO - Duplikatprüfung läuft: 10000 Ziel-Dateien geprüft (0 neu gehasht)
2026-09-27 07:01:15 - __main__ - INFO - Duplikatprüfung läuft: 11000 Ziel-Dateien geprüft (0 neu gehasht)
2026-09-27 07:01:15 - __main__ - INFO - Duplikatprüfung läuft: 12000 Ziel-Dateien geprüft (0 neu gehasht)
2026-09-27 07:01:15 - __main__ - INFO - Duplikatprüfung läuft: 13000 Ziel-Dateien geprüft (0 neu gehasht)
2026-09-27 07:01:15 - __main__ - INFO - Duplikatprüfung läuft: 14000 Ziel-Dateien geprüft (0 neu gehasht)
2026-09-27 07:01:15 - __main__ - INFO - Duplikatprüfung läuft: 15000 Ziel-Dateien geprüft (0 neu gehasht)
2026-09-27 07:01:15 - __main__ - INFO - Duplikatprüfung läuft: 16000 Ziel-Dateien geprüft (0 neu gehasht)
2026-09-27 07:01:15 - __main__ - INFO - Duplikatprüfung läuft: 17000 Ziel-Dateien geprüft (0 neu gehasht)
2026-09-27 07:01:15 - __main__ - INFO - Duplikatprüfung läuft: 18000 Ziel-Dateien geprüft (0 neu gehasht)
2026-09-27 07:01:16 - __main__ - INFO - Duplikatprüfung läuft: 19000 Ziel-Dateien geprüft (0 neu gehasht)
2026-09-27 07:01:16 - __main__ - INFO - Duplikatprüfung läuft: 20000 Ziel-Dateien geprüft (0 neu gehasht)
2026-09-27 07:01:16 - __main__ - INFO - Duplikatprüfung läuft: 21000 Ziel-Dateien geprüft (0 neu gehasht)
2026-09-27 07:01:16 - __main__ - INFO - Duplikatprüfung läuft: 22000 Ziel-Dateien geprüft (0 neu gehasht)
2026-09-27 07:01:16 - __main__ - INFO - Duplikatprüfung läuft: 23000 Ziel-Dateien geprüft (0 neu gehasht)
2026-09-27 07:01:16 - __main__ - INFO - Duplikatprüfung läuft: 24000 Ziel-Dateien geprüft (0 neu gehasht)
2026-09-27 07:01:16 - __main__ - INFO - Duplikatprüfung läuft: 25000 Ziel-Dateien geprüft (0 neu gehasht)
2026-09-27 07:01:16 - __main__ - INFO - Duplikatprüfung läuft: 26000 Ziel-Dateien geprüft (0 neu gehasht)
2026-09-27 07:01:16 - __main__ - INFO - Duplikatprüfung läuft: 27000 Ziel-Dateien geprüft (0 neu gehasht)
2026-09-27 07:01:16 - __main__ - INFO - Duplikatprüfung läuft: 28000 Ziel-Dateien geprüft (0 neu gehasht)
2026-09-27 07:01:16 - __main__ - INFO - Duplikatprüfung läuft: 29000 Ziel-Dateien geprüft (0 neu gehasht)
2026-09-27 07:01:16 - __main__ - INFO - Duplikatprüfung läuft: 30000 Ziel-Dateien geprüft (0 neu gehasht)
2026-09-27 07:01:16 - __main__ - INFO - Duplikatprüfung läuft: 31000 Ziel-Dateien geprüft (0 neu gehasht)
2026-09-27 07:01:16 - __main__ - INFO - Duplikatprüfung läuft: 32000 Ziel-Dateien geprüft (0 neu gehasht)
2026-09-27 07:01:16 - __main__ - INFO - Duplikatprüfung läuft: 33000 Ziel-Dateien geprüft (0 neu gehasht)
2026-09-27 07:01:16 - __main__ - INFO - Duplikatprüfung läuft: 34000 Ziel-Dateien geprüft (0 neu gehasht)
2026-09-27 07:01:16 - __main__ - INFO - Duplikatprüfung läuft: 35000 Ziel-Dateien geprüft (0 neu gehasht)
2026-09-27 07:01:16 - __main__ - INFO - Duplikatprüfung läuft: 36000 Ziel-Dateien geprüft (0 neu gehasht)
2026-09-27 07:01:16 - __main__ - INFO - Duplikatprüfung läuft: 37000 Ziel-Dateien geprüft (0 neu gehasht)
2026-09-27 07:01:16 - __main__ - INFO - Duplikatprüfung läuft: 38000 Ziel-Dateien geprüft (0 neu gehasht)
2026-09-27 07:01:16 - __main__ - INFO - Duplikatprüfung läuft: 39000 Ziel-Dateien geprüft (0 neu gehasht)
2026-09-27 07:01:16 - __main__ - INFO - Duplikatprüfung läuft: 40000 Ziel-Dateien geprüft (0 neu gehasht)
2026-09-27 07:01:16 - __main__ - INFO - Duplikatprüfung läuft: 41000 Ziel-Dateien geprüft (0 neu gehasht)
2026-09-27 07:01:16 - __main__ - INFO - Duplikatprüfung läuft: 42000 Ziel-Dateien geprüft (0 neu gehasht)
2026-09-27 07:01:16 - __main__ - INFO - Duplikatprüfung läuft: 43000 Ziel-Dateien geprüft (0 neu gehasht)
2026-09-27 07:01:17 - __main__ - INFO - Duplikatprüfung läuft: 44000 Ziel-Dateien geprüft (0 neu gehasht)
2026-09-27 07:01:17 - __main__ - INFO - Duplikatprüfung läuft: 45000 Ziel-Dateien geprüft (0 neu gehasht)
2026-09-27 07:01:17 - __main__ - INFO - Duplikatprüfung läuft: 46000 Ziel-Dateien geprüft (0 neu gehasht)
2026-09-27 07:01:17 - __main__ - INFO - Duplikatprüfung läuft: 47000 Ziel-Dateien geprüft (0 neu gehasht)
2026-09-27 07:01:17 - __main__ - INFO - Duplikatprüfung läuft: 48000 Ziel-Dateien geprüft (0 neu gehasht)
2026-09-27 07:01:17 - __main__ - INFO - Duplikatprüfung läuft: 49000 Ziel-Dateien geprüft (0 neu gehasht)
2026-09-27 07:01:17 - __main__ - INFO - Duplikatprüfung läuft: 50000 Ziel-Dateien geprüft (0 neu gehasht)
2026-09-27 07:01:17 - __main__ - INFO - Duplikatprüfung läuft: 51000 Ziel-Dateien geprüft (0 neu gehasht)
2026-09-27 07:01:17 - __main__ - INFO - Duplikatprüfung läuft: 52000 Ziel-Dateien geprüft (0 neu gehasht)
2026-09-27 07:01:17 - __main__ - INFO - Duplikatprüfung läuft: 53000 Ziel-Dateien geprüft (0 neu gehasht)
2026-09-27 07:01:17 - __main__ - INFO - Duplikatprüfung läuft: 54000 Ziel-Dateien geprüft (0 neu gehasht)
2026-09-27 07:01:17 - __main__ - INFO - Duplikatprüfung läuft: 55000 Ziel-Dateien geprüft (0 neu gehasht)
2026-09-27 07:01:17 - __main__ - INFO - Duplikatprüfung läuft: 56000 Ziel-Dateien geprüft (0 neu gehasht)
2026-09-27 07:01:17 - __main__ - INFO - Duplikatprüfung läuft: 57000 Ziel-Dateien geprüft (0 neu gehasht)
2026-09-27 07:01:17 - __main__ - INFO - Duplikatprüfung läuft: 58000 Ziel-Dateien geprüft (0 neu gehasht)
2026-09-27 07:01:17 - __main__ - INFO - Duplikatprüfung läuft: 59000 Ziel-Dateien geprüft (0 neu gehasht)
2026-09-27 07:01:18 - __main__ - INFO - Duplikatprüfung läuft: 60000 Ziel-Dateien geprüft (0 neu gehasht)
2026-09-27 07:01:18 - __main__ - INFO - Duplikatprüfung läuft: 61000 Ziel-Dateien geprüft (0 neu gehasht)
2026-09-27 07:01:18 - __main__ - INFO - Duplikatprüfung läuft: 62000 Ziel-Dateien geprüft (0 neu gehasht)
2026-09-27 07:01:18 - __main__ - INFO - Duplikatprüfung läuft: 63000 Ziel-Dateien geprüft (0 neu gehasht)
2026-09-27 07:01:18 - __main__ - INFO - Duplikatprüfung läuft: 64000 Ziel-Dateien geprüft (0 neu gehasht)
2026-09-27 07:01:18 - __main__ - INFO - Duplikatprüfung läuft: 65000 Ziel-Dateien geprüft (0 neu gehasht)
2026-09-27 07:01:18 - __main__ - INFO - Duplikatprüfung läuft: 66000 Ziel-Dateien geprüft (0 neu gehasht)
2026-09-27 07:01:18 - __main__ - INFO - Duplikatprüfung läuft: 67000 Ziel-Dateien geprüft (0 neu gehasht)
2026-09-27 07:01:18 - __main__ - INFO - Duplikatprüfung läuft: 68000 Ziel-Dateien geprüft (0 neu gehasht)
2026-09-27 07:01:18 - __main__ - INFO - Duplikatprüfung läuft: 69000 Ziel-Dateien geprüft (0 neu gehasht)
2026-09-27 07:01:18 - __main__ - INFO - Duplikatprüfung läuft: 70000 Ziel-Dateien geprüft (0 neu gehasht)
2026-09-27 07:01:18 - __main__ - INFO - Duplikatprüfung läuft: 71000 Ziel-Dateien geprüft (0 neu gehasht)
2026-09-27 07:01:18 - __main__ - INFO - Duplikatprüfung läuft: 72000 Ziel-Dateien geprüft (0 neu gehasht)
2026-09-27 07:01:18 - __main__ - INFO - Duplikatprüfung läuft: 73000 Ziel-Dateien geprüft (0 neu gehasht)
2026-09-27 07:01:18 - __main__ - INFO - Duplikatprüfung läuft: 74000 Ziel-Dateien geprüft (0 neu gehasht)
2026-09-27 07:01:19 - __main__ - INFO - Duplikatprüfung läuft: 75000 Ziel-Dateien geprüft (0 neu gehasht)
2026-09-27 07:01:19 - __main__ - INFO - Duplikatprüfung läuft: 76000 Ziel-Dateien geprüft (0 neu gehasht)
2026-09-27 07:01:19 - __main__ - INFO - Duplikatprüfung läuft: 77000 Ziel-Dateien geprüft (0 neu gehasht)
2026-09-27 07:01:19 - __main__ - INFO - Duplikatprüfung läuft: 78000 Ziel-Dateien geprüft (0 neu gehasht)
2026-09-27 07:01:19 - __main__ - INFO - Duplikatprüfung läuft: 79000 Ziel-Dateien geprüft (0 neu gehasht)
2026-09-27 07:01:19 - __main__ - INFO - Duplikatprüfung läuft: 80000 Ziel-Dateien geprüft (0 neu gehasht)
2026-09-27 07:01:19 - __main__ - INFO - Duplikatprüfung läuft: 81000 Ziel-Dateien geprüft (0 neu gehasht)
2026-09-27 07:01:19 - __main__ - INFO - Duplikatprüfung läuft: 82000 Ziel-Dateien geprüft (0 neu gehasht)
2026-09-27 07:01:19 - __main__ - INFO - Duplikatprüfung läuft: 83000 Ziel-Dateien geprüft (0 neu gehasht)
2026-09-27 07:01:19 - __main__ - INFO - Duplikatprüfung läuft: 84000 Ziel-Dateien geprüft (0 neu gehasht)
2026-09-27 07:01:19 - __main__ - INFO - Duplikatprüfung läuft: 85000 Ziel-Dateien geprüft (0 neu gehasht)
2026-09-27 07:01:19 - __main__ - INFO - Duplikatprüfung läuft: 86000 Ziel-Dateien geprüft (0 neu gehasht)
2026-09-27 07:01:19 - __main__ - INFO - Duplikatprüfung läuft: 87000 Ziel-Dateien geprüft (0 neu gehasht)
2026-09-27 07:01:19 - __main__ - INFO - Duplikatprüfung läuft: 88000 Ziel-Dateien geprüft (0 neu gehasht)
2026-09-27 07:01:19 - __main__ - INFO - Duplikatprüfung läuft: 89000 Ziel-Dateien geprüft (0 neu gehasht)
2026-09-27 07:01:19 - __main__ - INFO - Duplikatprüfung läuft: 90000 Ziel-Dateien geprüft (0 neu gehasht)
2026-09-27 07:01:19 - __main__ - INFO - Duplikatprüfung läuft: 91000 Ziel-Dateien geprüft (0 neu gehasht)
2026-09-27 07:01:19 - __main__ - INFO - Duplikatprüfung läuft: 92000 Ziel-Dateien geprüft (0 neu gehasht)
2026-09-27 07:01:19 - __main__ - INFO - Duplikatprüfung läuft: 93000 Ziel-Dateien geprüft (0 neu gehasht)
2026-09-27 07:01:19 - __main__ - INFO - Duplikatprüfung läuft: 94000 Ziel-Dateien geprüft (0 neu gehasht)
2026-09-27 07:01:19 - __main__ - INFO - Duplikatprüfung läuft: 95000 Ziel-Dateien geprüft (0 neu gehasht)
2026-09-27 07:01:19 - __main__ - INFO - Duplikatprüfung läuft: 96000 Ziel-Dateien geprüft (0 neu gehasht)
2026-09-27 07:01:19 - __main__ - INFO - Duplikatprüfung läuft: 97000 Ziel-Dateien geprüft (0 neu gehasht)
2026-09-27 07:01:19 - __main__ - INFO - Duplikatprüfung läuft: 98000 Ziel-Dateien geprüft (0 neu gehasht)
2026-09-27 07:01:20 - __main__ - INFO - Vorhandene Ziel-Dateien registriert für Duplikatprüfung (98920 geprüft, 0 neu gehasht)
2026-09-27 07:01:20 - __main__ - INFO - Reprocessing-Fortschritt: status=started, gesamt=98920, versucht=0, abgeschlossen=0, fehlgeschlagen=0, fehlend=0, in_arbeit=0, offen=98920
2026-09-27 07:01:30 - easyocr.easyocr - WARNING - Using CPU. Note: This module is much faster with a GPU.
2026-09-27 07:02:20 - __main__ - INFO - Reprocessing-Fortschritt: status=running, gesamt=98920, versucht=1, abgeschlossen=0, fehlgeschlagen=0, fehlend=0, in_arbeit=1, offen=98920
2026-09-27 07:03:13 - filemind.integrations.ocr - INFO - OCR erfolgreich für 'DSC_2456.JPG' - erkannter Text-Länge: 0
2026-09-27 07:03:13 - filemind.classification.classifier - INFO - Bildentscheidung: DSC_2456.JPG | OCR-Wörter=0 (Dokument-Schwelle >= 15) | Farbigkeit=nicht ermittelt (Dokument-Schwelle <= 13.0; bei zu wenig OCR-Text nicht geprüft) | Ergebnis=Foto | Grund=zu wenige OCR-Wörter und kein Scan-/TIFF-Fallback
2026-09-27 07:03:13 - filemind.routing.router - INFO - Klassifizierung: DSC_2456.JPG -> real_image (Vertrauen: 0.90)
2026-09-27 07:03:14 - filemind.integrations.ai_naming - INFO - Generiere Namen für: DSC_2456.JPG (Typ: real_image)
2026-09-27 07:03:20 - __main__ - INFO - Reprocessing-Fortschritt: status=running, gesamt=98920, versucht=1, abgeschlossen=0, fehlgeschlagen=0, fehlend=0, in_arbeit=1, offen=98920
2026-09-27 07:04:20 - __main__ - INFO - Reprocessing-Fortschritt: status=running, gesamt=98920, versucht=1, abgeschlossen=0, fehlgeschlagen=0, fehlend=0, in_arbeit=1, offen=98920
2026-09-27 07:05:20 - __main__ - INFO - Reprocessing-Fortschritt: status=running, gesamt=98920, versucht=1, abgeschlossen=0, fehlgeschlagen=0, fehlend=0, in_arbeit=1, offen=98920
2026-09-27 07:06:20 - __main__ - INFO - Reprocessing-Fortschritt: status=running, gesamt=98920, versucht=1, abgeschlossen=0, fehlgeschlagen=0, fehlend=0, in_arbeit=1, offen=98920
2026-09-27 07:07:20 - __main__ - INFO - Reprocessing-Fortschritt: status=running, gesamt=98920, versucht=1, abgeschlossen=0, fehlgeschlagen=0, fehlend=0, in_arbeit=1, offen=98920
2026-09-27 07:07:32 - __main__ - INFO - Signal SIGTERM empfangen, fahre herunter...
2026-09-27 07:08:20 - __main__ - INFO - Reprocessing-Fortschritt: status=running, gesamt=98920, versucht=1, abgeschlossen=0, fehlgeschlagen=0, fehlend=0, in_arbeit=1, offen=98920
2026-09-27 07:09:20 - __main__ - INFO - Reprocessing-Fortschritt: status=running, gesamt=98920, versucht=1, abgeschlossen=0, fehlgeschlagen=0, fehlend=0, in_arbeit=1, offen=98920
2026-09-27 07:09:32 - root - INFO - filemind Logging System gestartet
2026-09-27 07:09:32 - filemind.logging_utils.logger - INFO - Log-Level geändert zu: INFO
2026-09-27 07:09:32 - __main__ - INFO - filemind Daemon startet mit Log-Level: INFO
2026-09-27 07:09:32 - __main__ - INFO - ============================================================
2026-09-27 07:09:32 - __main__ - INFO - filemind Daemon gestartet
2026-09-27 07:09:32 - __main__ - INFO - filemind Version: 0.3.1
2026-09-27 07:09:32 - __main__ - INFO - ============================================================
2026-09-27 07:09:32 - __main__ - INFO - Input-Ordner konfiguriert: /media/storage_main/syncthing (action=copy)
2026-09-27 07:09:32 - __main__ - INFO - Input-Ordner konfiguriert: /media/storage_main/altes_backup (action=move)
2026-09-27 07:09:37 - __main__ - INFO - Erneute Verarbeitung angefordert: 98920 gespeicherte Dateien
2026-09-27 07:09:37 - __main__ - INFO - Überwache 2 Input-Ordner mit 300.0s Intervall
2026-09-27 07:09:37 - __main__ - INFO - Duplikatprüfung läuft: 1000 Ziel-Dateien geprüft (0 neu gehasht)
2026-09-27 07:09:37 - __main__ - INFO - Duplikatprüfung läuft: 2000 Ziel-Dateien geprüft (0 neu gehasht)
2026-09-27 07:09:37 - __main__ - INFO - Duplikatprüfung läuft: 3000 Ziel-Dateien geprüft (0 neu gehasht)
2026-09-27 07:09:37 - __main__ - INFO - Duplikatprüfung läuft: 4000 Ziel-Dateien geprüft (0 neu gehasht)
2026-09-27 07:09:37 - __main__ - INFO - Duplikatprüfung läuft: 5000 Ziel-Dateien geprüft (0 neu gehasht)
2026-09-27 07:09:37 - __main__ - INFO - Duplikatprüfung läuft: 6000 Ziel-Dateien geprüft (0 neu gehasht)
2026-09-27 07:09:37 - __main__ - INFO - Duplikatprüfung läuft: 7000 Ziel-Dateien geprüft (0 neu gehasht)
2026-09-27 07:09:37 - __main__ - INFO - Duplikatprüfung läuft: 8000 Ziel-Dateien geprüft (0 neu gehasht)
2026-09-27 07:09:37 - __main__ - INFO - Duplikatprüfung läuft: 9000 Ziel-Dateien geprüft (0 neu gehasht)
2026-09-27 07:09:38 - __main__ - INFO - Duplikatprüfung läuft: 10000 Ziel-Dateien geprüft (0 neu gehasht)
2026-09-27 07:09:38 - __main__ - INFO - Duplikatprüfung läuft: 11000 Ziel-Dateien geprüft (0 neu gehasht)
2026-09-27 07:09:38 - __main__ - INFO - Duplikatprüfung läuft: 12000 Ziel-Dateien geprüft (0 neu gehasht)
2026-09-27 07:09:38 - __main__ - INFO - Duplikatprüfung läuft: 13000 Ziel-Dateien geprüft (0 neu gehasht)
2026-09-27 07:09:38 - __main__ - INFO - Duplikatprüfung läuft: 14000 Ziel-Dateien geprüft (0 neu gehasht)
2026-09-27 07:09:38 - __main__ - INFO - Duplikatprüfung läuft: 15000 Ziel-Dateien geprüft (0 neu gehasht)
2026-09-27 07:09:38 - __main__ - INFO - Duplikatprüfung läuft: 16000 Ziel-Dateien geprüft (0 neu gehasht)
2026-09-27 07:09:38 - __main__ - INFO - Duplikatprüfung läuft: 17000 Ziel-Dateien geprüft (0 neu gehasht)
2026-09-27 07:09:38 - __main__ - INFO - Duplikatprüfung läuft: 18000 Ziel-Dateien geprüft (0 neu gehasht)
2026-09-27 07:09:38 - __main__ - INFO - Duplikatprüfung läuft: 19000 Ziel-Dateien geprüft (0 neu gehasht)
2026-09-27 07:09:38 - __main__ - INFO - Duplikatprüfung läuft: 20000 Ziel-Dateien geprüft (0 neu gehasht)
2026-09-27 07:09:38 - __main__ - INFO - Duplikatprüfung läuft: 21000 Ziel-Dateien geprüft (0 neu gehasht)
2026-09-27 07:09:38 - __main__ - INFO - Duplikatprüfung läuft: 22000 Ziel-Dateien geprüft (0 neu gehasht)
2026-09-27 07:09:38 - __main__ - INFO - Duplikatprüfung läuft: 23000 Ziel-Dateien geprüft (0 neu gehasht)
2026-09-27 07:09:38 - __main__ - INFO - Duplikatprüfung läuft: 24000 Ziel-Dateien geprüft (0 neu gehasht)
2026-09-27 07:09:38 - __main__ - INFO - Duplikatprüfung läuft: 25000 Ziel-Dateien geprüft (0 neu gehasht)
2026-09-27 07:09:39 - __main__ - INFO - Duplikatprüfung läuft: 26000 Ziel-Dateien geprüft (0 neu gehasht)
2026-09-27 07:09:39 - __main__ - INFO - Duplikatprüfung läuft: 27000 Ziel-Dateien geprüft (0 neu gehasht)
2026-09-27 07:09:39 - __main__ - INFO - Duplikatprüfung läuft: 28000 Ziel-Dateien geprüft (0 neu gehasht)
2026-09-27 07:09:39 - __main__ - INFO - Duplikatprüfung läuft: 29000 Ziel-Dateien geprüft (0 neu gehasht)
2026-09-27 07:09:39 - __main__ - INFO - Duplikatprüfung läuft: 30000 Ziel-Dateien geprüft (0 neu gehasht)
2026-09-27 07:09:39 - __main__ - INFO - Duplikatprüfung läuft: 31000 Ziel-Dateien geprüft (0 neu gehasht)
2026-09-27 07:09:39 - __main__ - INFO - Duplikatprüfung läuft: 32000 Ziel-Dateien geprüft (0 neu gehasht)
2026-09-27 07:09:39 - __main__ - INFO - Duplikatprüfung läuft: 33000 Ziel-Dateien geprüft (0 neu gehasht)
2026-09-27 07:09:39 - __main__ - INFO - Duplikatprüfung läuft: 34000 Ziel-Dateien geprüft (0 neu gehasht)
2026-09-27 07:09:39 - __main__ - INFO - Duplikatprüfung läuft: 35000 Ziel-Dateien geprüft (0 neu gehasht)
2026-09-27 07:09:39 - __main__ - INFO - Duplikatprüfung läuft: 36000 Ziel-Dateien geprüft (0 neu gehasht)
2026-09-27 07:09:39 - __main__ - INFO - Duplikatprüfung läuft: 37000 Ziel-Dateien geprüft (0 neu gehasht)
2026-09-27 07:09:39 - __main__ - INFO - Duplikatprüfung läuft: 38000 Ziel-Dateien geprüft (0 neu gehasht)
2026-09-27 07:09:39 - __main__ - INFO - Duplikatprüfung läuft: 39000 Ziel-Dateien geprüft (0 neu gehasht)
2026-09-27 07:09:39 - __main__ - INFO - Duplikatprüfung läuft: 40000 Ziel-Dateien geprüft (0 neu gehasht)
2026-09-27 07:09:39 - __main__ - INFO - Duplikatprüfung läuft: 41000 Ziel-Dateien geprüft (0 neu gehasht)
2026-09-27 07:09:39 - __main__ - INFO - Duplikatprüfung läuft: 42000 Ziel-Dateien geprüft (0 neu gehasht)
2026-09-27 07:09:40 - __main__ - INFO - Duplikatprüfung läuft: 43000 Ziel-Dateien geprüft (0 neu gehasht)
2026-09-27 07:09:40 - __main__ - INFO - Duplikatprüfung läuft: 44000 Ziel-Dateien geprüft (0 neu gehasht)
2026-09-27 07:09:40 - __main__ - INFO - Duplikatprüfung läuft: 45000 Ziel-Dateien geprüft (0 neu gehasht)
2026-09-27 07:09:40 - __main__ - INFO - Duplikatprüfung läuft: 46000 Ziel-Dateien geprüft (0 neu gehasht)
2026-09-27 07:09:40 - __main__ - INFO - Duplikatprüfung läuft: 47000 Ziel-Dateien geprüft (0 neu gehasht)
2026-09-27 07:09:40 - __main__ - INFO - Duplikatprüfung läuft: 48000 Ziel-Dateien geprüft (0 neu gehasht)
2026-09-27 07:09:40 - __main__ - INFO - Duplikatprüfung läuft: 49000 Ziel-Dateien geprüft (0 neu gehasht)
2026-09-27 07:09:40 - __main__ - INFO - Duplikatprüfung läuft: 50000 Ziel-Dateien geprüft (0 neu gehasht)
2026-09-27 07:09:40 - __main__ - INFO - Duplikatprüfung läuft: 51000 Ziel-Dateien geprüft (0 neu gehasht)
2026-09-27 07:09:41 - __main__ - INFO - Duplikatprüfung läuft: 52000 Ziel-Dateien geprüft (0 neu gehasht)
2026-09-27 07:09:41 - __main__ - INFO - Duplikatprüfung läuft: 53000 Ziel-Dateien geprüft (0 neu gehasht)
2026-09-27 07:09:41 - __main__ - INFO - Duplikatprüfung läuft: 54000 Ziel-Dateien geprüft (0 neu gehasht)
2026-09-27 07:09:41 - __main__ - INFO - Duplikatprüfung läuft: 55000 Ziel-Dateien geprüft (0 neu gehasht)
2026-09-27 07:09:41 - __main__ - INFO - Duplikatprüfung läuft: 56000 Ziel-Dateien geprüft (0 neu gehasht)
2026-09-27 07:09:41 - __main__ - INFO - Duplikatprüfung läuft: 57000 Ziel-Dateien geprüft (0 neu gehasht)
2026-09-27 07:09:41 - __main__ - INFO - Duplikatprüfung läuft: 58000 Ziel-Dateien geprüft (0 neu gehasht)
2026-09-27 07:09:41 - __main__ - INFO - Duplikatprüfung läuft: 59000 Ziel-Dateien geprüft (0 neu gehasht)
2026-09-27 07:09:42 - __main__ - INFO - Duplikatprüfung läuft: 60000 Ziel-Dateien geprüft (0 neu gehasht)
2026-09-27 07:09:42 - __main__ - INFO - Duplikatprüfung läuft: 61000 Ziel-Dateien geprüft (0 neu gehasht)
2026-09-27 07:09:42 - __main__ - INFO - Duplikatprüfung läuft: 62000 Ziel-Dateien geprüft (0 neu gehasht)
2026-09-27 07:09:42 - __main__ - INFO - Duplikatprüfung läuft: 63000 Ziel-Dateien geprüft (0 neu gehasht)
2026-09-27 07:09:42 - __main__ - INFO - Duplikatprüfung läuft: 64000 Ziel-Dateien geprüft (0 neu gehasht)
2026-09-27 07:09:42 - __main__ - INFO - Duplikatprüfung läuft: 65000 Ziel-Dateien geprüft (0 neu gehasht)
2026-09-27 07:09:42 - __main__ - INFO - Duplikatprüfung läuft: 66000 Ziel-Dateien geprüft (0 neu gehasht)
2026-09-27 07:09:42 - __main__ - INFO - Duplikatprüfung läuft: 67000 Ziel-Dateien geprüft (0 neu gehasht)
2026-09-27 07:09:42 - __main__ - INFO - Duplikatprüfung läuft: 68000 Ziel-Dateien geprüft (0 neu gehasht)
2026-09-27 07:09:42 - __main__ - INFO - Duplikatprüfung läuft: 69000 Ziel-Dateien geprüft (0 neu gehasht)
2026-09-27 07:09:43 - __main__ - INFO - Duplikatprüfung läuft: 70000 Ziel-Dateien geprüft (0 neu gehasht)
2026-09-27 07:09:43 - __main__ - INFO - Duplikatprüfung läuft: 71000 Ziel-Dateien geprüft (0 neu gehasht)
2026-09-27 07:09:43 - __main__ - INFO - Duplikatprüfung läuft: 72000 Ziel-Dateien geprüft (0 neu gehasht)
2026-09-27 07:09:43 - __main__ - INFO - Duplikatprüfung läuft: 73000 Ziel-Dateien geprüft (0 neu gehasht)
2026-09-27 07:09:43 - __main__ - INFO - Duplikatprüfung läuft: 74000 Ziel-Dateien geprüft (0 neu gehasht)
2026-09-27 07:09:43 - __main__ - INFO - Duplikatprüfung läuft: 75000 Ziel-Dateien geprüft (0 neu gehasht)
2026-09-27 07:09:43 - __main__ - INFO - Duplikatprüfung läuft: 76000 Ziel-Dateien geprüft (0 neu gehasht)
2026-09-27 07:09:43 - __main__ - INFO - Duplikatprüfung läuft: 77000 Ziel-Dateien geprüft (0 neu gehasht)
2026-09-27 07:09:43 - __main__ - INFO - Duplikatprüfung läuft: 78000 Ziel-Dateien geprüft (0 neu gehasht)
2026-09-27 07:09:43 - __main__ - INFO - Duplikatprüfung läuft: 79000 Ziel-Dateien geprüft (0 neu gehasht)
2026-09-27 07:09:43 - __main__ - INFO - Duplikatprüfung läuft: 80000 Ziel-Dateien geprüft (0 neu gehasht)
2026-09-27 07:09:43 - __main__ - INFO - Duplikatprüfung läuft: 81000 Ziel-Dateien geprüft (0 neu gehasht)
2026-09-27 07:09:43 - __main__ - INFO - Duplikatprüfung läuft: 82000 Ziel-Dateien geprüft (0 neu gehasht)
2026-09-27 07:09:43 - __main__ - INFO - Duplikatprüfung läuft: 83000 Ziel-Dateien geprüft (0 neu gehasht)
2026-09-27 07:09:44 - __main__ - INFO - Duplikatprüfung läuft: 84000 Ziel-Dateien geprüft (0 neu gehasht)
2026-09-27 07:09:44 - __main__ - INFO - Duplikatprüfung läuft: 85000 Ziel-Dateien geprüft (0 neu gehasht)
2026-09-27 07:09:44 - __main__ - INFO - Duplikatprüfung läuft: 86000 Ziel-Dateien geprüft (0 neu gehasht)
2026-09-27 07:09:44 - __main__ - INFO - Duplikatprüfung läuft: 87000 Ziel-Dateien geprüft (0 neu gehasht)
2026-09-27 07:09:44 - __main__ - INFO - Duplikatprüfung läuft: 88000 Ziel-Dateien geprüft (0 neu gehasht)
2026-09-27 07:09:44 - __main__ - INFO - Duplikatprüfung läuft: 89000 Ziel-Dateien geprüft (0 neu gehasht)
2026-09-27 07:09:44 - __main__ - INFO - Duplikatprüfung läuft: 90000 Ziel-Dateien geprüft (0 neu gehasht)
2026-09-27 07:09:44 - __main__ - INFO - Duplikatprüfung läuft: 91000 Ziel-Dateien geprüft (0 neu gehasht)
2026-09-27 07:09:44 - __main__ - INFO - Duplikatprüfung läuft: 92000 Ziel-Dateien geprüft (0 neu gehasht)
2026-09-27 07:09:44 - __main__ - INFO - Duplikatprüfung läuft: 93000 Ziel-Dateien geprüft (0 neu gehasht)
2026-09-27 07:09:44 - __main__ - INFO - Duplikatprüfung läuft: 94000 Ziel-Dateien geprüft (0 neu gehasht)
2026-09-27 07:09:45 - __main__ - INFO - Duplikatprüfung läuft: 95000 Ziel-Dateien geprüft (0 neu gehasht)
2026-09-27 07:09:45 - __main__ - INFO - Duplikatprüfung läuft: 96000 Ziel-Dateien geprüft (0 neu gehasht)
2026-09-27 07:09:45 - __main__ - INFO - Duplikatprüfung läuft: 97000 Ziel-Dateien geprüft (0 neu gehasht)
2026-09-27 07:09:45 - __main__ - INFO - Duplikatprüfung läuft: 98000 Ziel-Dateien geprüft (0 neu gehasht)
2026-09-27 07:09:45 - __main__ - INFO - Vorhandene Ziel-Dateien registriert für Duplikatprüfung (98920 geprüft, 0 neu gehasht)
2026-09-27 07:09:45 - __main__ - INFO - Reprocessing-Fortschritt: status=started, gesamt=98920, versucht=0, abgeschlossen=0, fehlgeschlagen=0, fehlend=0, in_arbeit=0, offen=98920
2026-09-27 07:09:55 - filemind.integrations.ocr - ERROR - Nicht unterstütztes Format: .NEF
2026-09-27 07:09:55 - filemind.classification.classifier - INFO - Bildentscheidung: DSC_5910.NEF | OCR-Wörter=0 (Dokument-Schwelle >= 15) | Farbigkeit=nicht ermittelt (Dokument-Schwelle <= 13.0; bei zu wenig OCR-Text nicht geprüft) | Ergebnis=Foto | Grund=zu wenige OCR-Wörter und kein Scan-/TIFF-Fallback
2026-09-27 07:09:55 - filemind.routing.router - INFO - Klassifizierung: DSC_5910.NEF -> real_image (Vertrauen: 0.90)
2026-09-27 07:09:56 - filemind.integrations.ai_naming - INFO - Generiere Namen für: DSC_5910.NEF (Typ: real_image)
2026-09-27 07:10:45 - __main__ - INFO - Reprocessing-Fortschritt: status=running, gesamt=98920, versucht=1, abgeschlossen=0, fehlgeschlagen=0, fehlend=0, in_arbeit=1, offen=98920
2026-09-27 07:11:45 - __main__ - INFO - Reprocessing-Fortschritt: status=running, gesamt=98920, versucht=1, abgeschlossen=0, fehlgeschlagen=0, fehlend=0, in_arbeit=1, offen=98920
2026-09-27 07:12:45 - __main__ - INFO - Reprocessing-Fortschritt: status=running, gesamt=98920, versucht=1, abgeschlossen=0, fehlgeschlagen=0, fehlend=0, in_arbeit=1, offen=98920
2026-09-27 07:13:45 - __main__ - INFO - Reprocessing-Fortschritt: status=running, gesamt=98920, versucht=1, abgeschlossen=0, fehlgeschlagen=0, fehlend=0, in_arbeit=1, offen=98920
2026-09-27 07:14:45 - __main__ - INFO - Reprocessing-Fortschritt: status=running, gesamt=98920, versucht=1, abgeschlossen=0, fehlgeschlagen=0, fehlend=0, in_arbeit=1, offen=98920
2026-09-27 07:15:45 - __main__ - INFO - Reprocessing-Fortschritt: status=running, gesamt=98920, versucht=1, abgeschlossen=0, fehlgeschlagen=0, fehlend=0, in_arbeit=1, offen=98920
2026-09-27 07:16:45 - __main__ - INFO - Reprocessing-Fortschritt: status=running, gesamt=98920, versucht=1, abgeschlossen=0, fehlgeschlagen=0, fehlend=0, in_arbeit=1, offen=98920
2026-09-27 07:17:45 - __main__ - INFO - Reprocessing-Fortschritt: status=running, gesamt=98920, versucht=1, abgeschlossen=0, fehlgeschlagen=0, fehlend=0, in_arbeit=1, offen=98920
2026-09-27 07:18:45 - __main__ - INFO - Reprocessing-Fortschritt: status=running, gesamt=98920, versucht=1, abgeschlossen=0, fehlgeschlagen=0, fehlend=0, in_arbeit=1, offen=98920
2026-09-27 07:19:45 - __main__ - INFO - Reprocessing-Fortschritt: status=running, gesamt=98920, versucht=1, abgeschlossen=0, fehlgeschlagen=0, fehlend=0, in_arbeit=1, offen=98920
2026-09-27 07:20:45 - __main__ - INFO - Reprocessing-Fortschritt: status=running, gesamt=98920, versucht=1, abgeschlossen=0, fehlgeschlagen=0, fehlend=0, in_arbeit=1, offen=98920
2026-09-27 07:21:45 - __main__ - INFO - Reprocessing-Fortschritt: status=running, gesamt=98920, versucht=1, abgeschlossen=0, fehlgeschlagen=0, fehlend=0, in_arbeit=1, offen=98920
2026-09-27 07:22:45 - __main__ - INFO - Reprocessing-Fortschritt: status=running, gesamt=98920, versucht=1, abgeschlossen=0, fehlgeschlagen=0, fehlend=0, in_arbeit=1, offen=98920
2026-09-27 07:23:45 - __main__ - INFO - Reprocessing-Fortschritt: status=running, gesamt=98920, versucht=1, abgeschlossen=0, fehlgeschlagen=0, fehlend=0, in_arbeit=1, offen=98920
2026-09-27 07:24:45 - __main__ - INFO - Reprocessing-Fortschritt: status=running, gesamt=98920, versucht=1, abgeschlossen=0, fehlgeschlagen=0, fehlend=0, in_arbeit=1, offen=98920
2026-09-27 07:24:56 - filemind.integrations.ai_naming.ollama - WARNING - Ollama-Request fehlgeschlagen (http://localhost:11434/api/generate): HTTPConnectionPool(host='localhost', port=11434): Read timed out. (read timeout=900.0)
2026-09-27 07:24:56 - filemind.routing.router - INFO - Rohes Smart-Name-Ergebnis: 'foto_DSC_5910'
2026-09-27 07:24:56 - filemind.routing.router - INFO - AI-Naming schlägt vor: 2016-04-05_foto_dsc_5910.nef
2026-09-27 07:25:45 - __main__ - INFO - Reprocessing-Fortschritt: status=running, gesamt=98920, versucht=1, abgeschlossen=0, fehlgeschlagen=0, fehlend=0, in_arbeit=1, offen=98920
2026-09-27 07:26:45 - __main__ - INFO - Reprocessing-Fortschritt: status=running, gesamt=98920, versucht=1, abgeschlossen=0, fehlgeschlagen=0, fehlend=0, in_arbeit=1, offen=98920
2026-09-27 07:27:45 - __main__ - INFO - Reprocessing-Fortschritt: status=running, gesamt=98920, versucht=1, abgeschlossen=0, fehlgeschlagen=0, fehlend=0, in_arbeit=1, offen=98920
2026-09-27 07:28:45 - __main__ - INFO - Reprocessing-Fortschritt: status=running, gesamt=98920, versucht=1, abgeschlossen=0, fehlgeschlagen=0, fehlend=0, in_arbeit=1, offen=98920
2026-09-27 07:29:45 - __main__ - INFO - Reprocessing-Fortschritt: status=running, gesamt=98920, versucht=1, abgeschlossen=0, fehlgeschlagen=0, fehlend=0, in_arbeit=1, offen=98920
2026-09-27 07:30:45 - __main__ - INFO - Reprocessing-Fortschritt: status=running, gesamt=98920, versucht=1, abgeschlossen=0, fehlgeschlagen=0, fehlend=0, in_arbeit=1, offen=98920
2026-09-27 07:31:45 - __main__ - INFO - Reprocessing-Fortschritt: status=running, gesamt=98920, versucht=1, abgeschlossen=0, fehlgeschlagen=0, fehlend=0, in_arbeit=1, offen=98920
2026-09-27 07:32:45 - __main__ - INFO - Reprocessing-Fortschritt: status=running, gesamt=98920, versucht=1, abgeschlossen=0, fehlgeschlagen=0, fehlend=0, in_arbeit=1, offen=98920
2026-09-27 07:33:45 - __main__ - INFO - Reprocessing-Fortschritt: status=running, gesamt=98920, versucht=1, abgeschlossen=0, fehlgeschlagen=0, fehlend=0, in_arbeit=1, offen=98920
2026-09-27 07:34:45 - __main__ - INFO - Reprocessing-Fortschritt: status=running, gesamt=98920, versucht=1, abgeschlossen=0, fehlgeschlagen=0, fehlend=0, in_arbeit=1, offen=98920
2026-09-27 07:35:09 - filemind.integrations.ai_naming - WARNING - KI-Ortserkennung lieferte kein gültiges JSON; Ortsangaben verworfen
2026-09-27 07:35:21 - filemind.routing.router - INFO - Klassifizierung: A-19073,B-4,D-46877_A-19074.ydiff -> other (Vertrauen: 0.50)
2026-09-27 07:35:21 - filemind.integrations.ai_naming - INFO - Generiere Namen für: A-19073,B-4,D-46877_A-19074.ydiff (Typ: other)
2026-09-27 07:35:21 - filemind.routing.router - INFO - Rohes Smart-Name-Ergebnis: 'datei_A-19073,B-4,D-46877_'
2026-09-27 07:35:21 - filemind.routing.router - INFO - AI-Naming schlägt vor: 2014-10-04_datei_a19073b4d46877_.ydiff
2026-09-27 07:35:21 - filemind.integrations.metadata_extractor - INFO - Metadaten verarbeitet: A-19073,B-4,D-46877_A-19074.ydiff -> file_ydiff_20141004_092854_735b
2026-09-27 07:35:21 - easyocr.easyocr - WARNING - Using CPU. Note: This module is much faster with a GPU.
2026-09-27 07:35:45 - __main__ - INFO - Reprocessing-Fortschritt: status=running, gesamt=98920, versucht=3, abgeschlossen=2, fehlgeschlagen=0, fehlend=0, in_arbeit=1, offen=98918
2026-09-27 07:36:02 - filemind.integrations.ocr - INFO - OCR erfolgreich für 'DSC_6683.JPG' - erkannter Text-Länge: 14
2026-09-27 07:36:02 - filemind.classification.classifier - INFO - Bildentscheidung: DSC_6683.JPG | OCR-Wörter=3 (Dokument-Schwelle >= 15) | Farbigkeit=nicht ermittelt (Dokument-Schwelle <= 13.0; bei zu wenig OCR-Text nicht geprüft) | Ergebnis=Foto | Grund=zu wenige OCR-Wörter und kein Scan-/TIFF-Fallback
2026-09-27 07:36:02 - filemind.routing.router - INFO - Klassifizierung: DSC_6683.JPG -> real_image (Vertrauen: 0.90)
2026-09-27 07:36:02 - filemind.integrations.ai_naming - INFO - Generiere Namen für: DSC_6683.JPG (Typ: real_image)
2026-09-27 07:36:45 - __main__ - INFO - Reprocessing-Fortschritt: status=running, gesamt=98920, versucht=3, abgeschlossen=2, fehlgeschlagen=0, fehlend=0, in_arbeit=1, offen=98918
2026-09-27 07:37:45 - __main__ - INFO - Reprocessing-Fortschritt: status=running, gesamt=98920, versucht=3, abgeschlossen=2, fehlgeschlagen=0, fehlend=0, in_arbeit=1, offen=98918
2026-09-27 07:38:45 - __main__ - INFO - Reprocessing-Fortschritt: status=running, gesamt=98920, versucht=3, abgeschlossen=2, fehlgeschlagen=0, fehlend=0, in_arbeit=1, offen=98918
2026-09-27 07:39:45 - __main__ - INFO - Reprocessing-Fortschritt: status=running, gesamt=98920, versucht=3, abgeschlossen=2, fehlgeschlagen=0, fehlend=0, in_arbeit=1, offen=98918
2026-09-27 07:40:45 - __main__ - INFO - Reprocessing-Fortschritt: status=running, gesamt=98920, versucht=3, abgeschlossen=2, fehlgeschlagen=0, fehlend=0, in_arbeit=1, offen=98918
2026-09-27 07:41:45 - __main__ - INFO - Reprocessing-Fortschritt: status=running, gesamt=98920, versucht=3, abgeschlossen=2, fehlgeschlagen=0, fehlend=0, in_arbeit=1, offen=98918
2026-09-27 07:42:45 - __main__ - INFO - Reprocessing-Fortschritt: status=running, gesamt=98920, versucht=3, abgeschlossen=2, fehlgeschlagen=0, fehlend=0, in_arbeit=1, offen=98918
2026-09-27 07:43:45 - __main__ - INFO - Reprocessing-Fortschritt: status=running, gesamt=98920, versucht=3, abgeschlossen=2, fehlgeschlagen=0, fehlend=0, in_arbeit=1, offen=98918
2026-09-27 07:44:45 - __main__ - INFO - Reprocessing-Fortschritt: status=running, gesamt=98920, versucht=3, abgeschlossen=2, fehlgeschlagen=0, fehlend=0, in_arbeit=1, offen=98918
2026-09-27 07:45:45 - __main__ - INFO - Reprocessing-Fortschritt: status=running, gesamt=98920, versucht=3, abgeschlossen=2, fehlgeschlagen=0, fehlend=0, in_arbeit=1, offen=98918
2026-09-27 07:46:45 - __main__ - INFO - Reprocessing-Fortschritt: status=running, gesamt=98920, versucht=3, abgeschlossen=2, fehlgeschlagen=0, fehlend=0, in_arbeit=1, offen=98918
2026-09-27 07:47:45 - __main__ - INFO - Reprocessing-Fortschritt: status=running, gesamt=98920, versucht=3, abgeschlossen=2, fehlgeschlagen=0, fehlend=0, in_arbeit=1, offen=98918
2026-09-27 07:48:45 - __main__ - INFO - Reprocessing-Fortschritt: status=running, gesamt=98920, versucht=3, abgeschlossen=2, fehlgeschlagen=0, fehlend=0, in_arbeit=1, offen=98918
2026-09-27 07:49:17 - filemind.integrations.ai_naming.ollama - INFO - Bildbeschreibung für DSC_6683.JPG: Ein rotes Alfa Romeo 2000 mit einem traditionellen japanischen Mann und einer Gruppe von Besuchern steht vor einem Tempel im Wald.
2026-09-27 07:49:45 - __main__ - INFO - Reprocessing-Fortschritt: status=running, gesamt=98920, versucht=3, abgeschlossen=2, fehlgeschlagen=0, fehlend=0, in_arbeit=1, offen=98918
2026-09-27 07:50:45 - filemind.routing.router - INFO - Rohes Smart-Name-Ergebnis: 'alfa_romeo_japan_wald_tempel_besucher'
2026-09-27 07:50:45 - filemind.routing.router - INFO - AI-Naming schlägt vor: 2016-04-08_alfa_romeo_japan_wald_tempel_besucher.jpg
2026-09-27 07:50:45 - __main__ - INFO - Reprocessing-Fortschritt: status=running, gesamt=98920, versucht=3, abgeschlossen=2, fehlgeschlagen=0, fehlend=0, in_arbeit=1, offen=98918
2026-09-27 07:51:45 - __main__ - INFO - Reprocessing-Fortschritt: status=running, gesamt=98920, versucht=3, abgeschlossen=2, fehlgeschlagen=0, fehlend=0, in_arbeit=1, offen=98918
2026-09-27 07:52:21 - filemind.integrations.ai_naming - WARNING - KI-Ortserkennung lieferte kein gültiges JSON; Ortsangaben verworfen
2026-09-27 07:52:27 - filemind.routing.router - INFO - Klassifizierung: 1.3.46.670589.11.42025.5.0.15876.2023092516461987082.dcm -> other (Vertrauen: 0.50)
2026-09-27 07:52:27 - filemind.integrations.ai_naming - INFO - Generiere Namen für: 1.3.46.670589.11.42025.5.0.15876.2023092516461987082.dcm (Typ: other)
2026-09-27 07:52:27 - filemind.routing.router - INFO - Rohes Smart-Name-Ergebnis: 'datei_1.3.46.670589.11.420'
2026-09-27 07:52:27 - filemind.routing.router - INFO - AI-Naming schlägt vor: 2024-10-29_datei_134667058911.dcm
2026-09-27 07:52:27 - filemind.integrations.metadata_extractor - INFO - Metadaten verarbeitet: 1.3.46.670589.11.42025.5.0.15876.2023092516461987082.dcm -> file_dcm_20241029_080323_2.0mb
2026-09-27 07:52:28 - filemind.integrations.ocr - INFO - OCR erfolgreich für '.trashed-1758728481-1.3.46.670589.11.42025.5.0.7164.2024100715432907075.jpg' - erkannter Text-Länge: 0
2026-09-27 07:52:28 - filemind.classification.classifier - INFO - Bildentscheidung: .trashed-1758728481-1.3.46.670589.11.42025.5.0.7164.2024100715432907075.jpg | OCR-Wörter=0 (Dokument-Schwelle >= 15) | Farbigkeit=nicht ermittelt (Dokument-Schwelle <= 13.0; bei zu wenig OCR-Text nicht geprüft) | Ergebnis=Foto | Grund=zu wenige OCR-Wörter und kein Scan-/TIFF-Fallback
2026-09-27 07:52:28 - filemind.routing.router - INFO - Klassifizierung: .trashed-1758728481-1.3.46.670589.11.42025.5.0.7164.2024100715432907075.jpg -> real_image (Vertrauen: 0.90)
2026-09-27 07:52:28 - filemind.integrations.ai_naming - INFO - Generiere Namen für: .trashed-1758728481-1.3.46.670589.11.42025.5.0.7164.2024100715432907075.jpg (Typ: real_image)
2026-09-27 07:52:45 - __main__ - INFO - Reprocessing-Fortschritt: status=running, gesamt=98920, versucht=5, abgeschlossen=4, fehlgeschlagen=0, fehlend=0, in_arbeit=1, offen=98916
2026-09-27 07:53:45 - __main__ - INFO - Reprocessing-Fortschritt: status=running, gesamt=98920, versucht=5, abgeschlossen=4, fehlgeschlagen=0, fehlend=0, in_arbeit=1, offen=98916
2026-09-27 07:54:45 - __main__ - INFO - Reprocessing-Fortschritt: status=running, gesamt=98920, versucht=5, abgeschlossen=4, fehlgeschlagen=0, fehlend=0, in_arbeit=1, offen=98916
2026-09-27 07:55:45 - __main__ - INFO - Reprocessing-Fortschritt: status=running, gesamt=98920, versucht=5, abgeschlossen=4, fehlgeschlagen=0, fehlend=0, in_arbeit=1, offen=98916
2026-09-27 07:56:45 - __main__ - INFO - Reprocessing-Fortschritt: status=running, gesamt=98920, versucht=5, abgeschlossen=4, fehlgeschlagen=0, fehlend=0, in_arbeit=1, offen=98916
2026-09-27 07:57:45 - __main__ - INFO - Reprocessing-Fortschritt: status=running, gesamt=98920, versucht=5, abgeschlossen=4, fehlgeschlagen=0, fehlend=0, in_arbeit=1, offen=98916
2026-09-27 07:58:45 - __main__ - INFO - Reprocessing-Fortschritt: status=running, gesamt=98920, versucht=5, abgeschlossen=4, fehlgeschlagen=0, fehlend=0, in_arbeit=1, offen=98916
2026-09-27 07:59:45 - __main__ - INFO - Reprocessing-Fortschritt: status=running, gesamt=98920, versucht=5, abgeschlossen=4, fehlgeschlagen=0, fehlend=0, in_arbeit=1, offen=98916
2026-09-27 08:00:45 - __main__ - INFO - Reprocessing-Fortschritt: status=running, gesamt=98920, versucht=5, abgeschlossen=4, fehlgeschlagen=0, fehlend=0, in_arbeit=1, offen=98916
2026-09-27 08:01:45 - __main__ - INFO - Reprocessing-Fortschritt: status=running, gesamt=98920, versucht=5, abgeschlossen=4, fehlgeschlagen=0, fehlend=0, in_arbeit=1, offen=98916
2026-09-27 08:02:45 - __main__ - INFO - Reprocessing-Fortschritt: status=running, gesamt=98920, versucht=5, abgeschlossen=4, fehlgeschlagen=0, fehlend=0, in_arbeit=1, offen=98916
2026-09-27 08:03:45 - __main__ - INFO - Reprocessing-Fortschritt: status=running, gesamt=98920, versucht=5, abgeschlossen=4, fehlgeschlagen=0, fehlend=0, in_arbeit=1, offen=98916
2026-09-27 08:04:45 - __main__ - INFO - Reprocessing-Fortschritt: status=running, gesamt=98920, versucht=5, abgeschlossen=4, fehlgeschlagen=0, fehlend=0, in_arbeit=1, offen=98916
2026-09-27 08:05:13 - filemind.integrations.ai_naming.ollama - INFO - Bildbeschreibung für .trashed-1758728481-1.3.46.670589.11.42025.5.0.7164.2024100715432907075.jpg: Das Bild zeigt eine schematische Darstellung einer Person mit einem unklaren, punktierten Gesichtsausdruck vor einem dunklen Hintergrund.
2026-09-27 08:05:29 - filemind.routing.router - INFO - Rohes Smart-Name-Ergebnis: 'person_unklar_punktiert'
2026-09-27 08:05:29 - filemind.routing.router - INFO - AI-Naming schlägt vor: 2025-08-25_person_unklar_punktiert.jpg
2026-09-27 08:05:45 - __main__ - INFO - Reprocessing-Fortschritt: status=running, gesamt=98920, versucht=5, abgeschlossen=4, fehlgeschlagen=0, fehlend=0, in_arbeit=1, offen=98916
2026-09-27 08:06:45 - __main__ - INFO - Reprocessing-Fortschritt: status=running, gesamt=98920, versucht=5, abgeschlossen=4, fehlgeschlagen=0, fehlend=0, in_arbeit=1, offen=98916
2026-09-27 08:07:03 - filemind.integrations.ai_naming - WARNING - KI-Ortserkennung lieferte kein gültiges JSON; Ortsangaben verworfen
2026-09-27 08:07:45 - __main__ - INFO - Reprocessing-Fortschritt: status=running, gesamt=98920, versucht=6, abgeschlossen=5, fehlgeschlagen=0, fehlend=0, in_arbeit=1, offen=98915
2026-09-27 08:07:53 - filemind.integrations.ocr - INFO - OCR erfolgreich für 'DSC_5004.JPG' - erkannter Text-Länge: 0
2026-09-27 08:07:53 - filemind.classification.classifier - INFO - Bildentscheidung: DSC_5004.JPG | OCR-Wörter=0 (Dokument-Schwelle >= 15) | Farbigkeit=nicht ermittelt (Dokument-Schwelle <= 13.0; bei zu wenig OCR-Text nicht geprüft) | Ergebnis=Foto | Grund=zu wenige OCR-Wörter und kein Scan-/TIFF-Fallback
2026-09-27 08:07:53 - filemind.routing.router - INFO - Klassifizierung: DSC_5004.JPG -> real_image (Vertrauen: 0.90)
2026-09-27 08:07:53 - filemind.integrations.ai_naming - INFO - Generiere Namen für: DSC_5004.JPG (Typ: real_image)
2026-09-27 08:08:45 - __main__ - INFO - Reprocessing-Fortschritt: status=running, gesamt=98920, versucht=6, abgeschlossen=5, fehlgeschlagen=0, fehlend=0, in_arbeit=1, offen=98915
2026-09-27 08:09:45 - __main__ - INFO - Reprocessing-Fortschritt: status=running, gesamt=98920, versucht=6, abgeschlossen=5, fehlgeschlagen=0, fehlend=0, in_arbeit=1, offen=98915
2026-09-27 08:10:45 - __main__ - INFO - Reprocessing-Fortschritt: status=running, gesamt=98920, versucht=6, abgeschlossen=5, fehlgeschlagen=0, fehlend=0, in_arbeit=1, offen=98915
2026-09-27 08:11:45 - __main__ - INFO - Reprocessing-Fortschritt: status=running, gesamt=98920, versucht=6, abgeschlossen=5, fehlgeschlagen=0, fehlend=0, in_arbeit=1, offen=98915
2026-09-27 08:12:45 - __main__ - INFO - Reprocessing-Fortschritt: status=running, gesamt=98920, versucht=6, abgeschlossen=5, fehlgeschlagen=0, fehlend=0, in_arbeit=1, offen=98915
2026-09-27 08:13:45 - __main__ - INFO - Reprocessing-Fortschritt: status=running, gesamt=98920, versucht=6, abgeschlossen=5, fehlgeschlagen=0, fehlend=0, in_arbeit=1, offen=98915
2026-09-27 08:14:45 - __main__ - INFO - Reprocessing-Fortschritt: status=running, gesamt=98920, versucht=6, abgeschlossen=5, fehlgeschlagen=0, fehlend=0, in_arbeit=1, offen=98915
2026-09-27 08:15:45 - __main__ - INFO - Reprocessing-Fortschritt: status=running, gesamt=98920, versucht=6, abgeschlossen=5, fehlgeschlagen=0, fehlend=0, in_arbeit=1, offen=98915
2026-09-27 08:16:45 - __main__ - INFO - Reprocessing-Fortschritt: status=running, gesamt=98920, versucht=6, abgeschlossen=5, fehlgeschlagen=0, fehlend=0, in_arbeit=1, offen=98915
2026-09-27 08:17:45 - __main__ - INFO - Reprocessing-Fortschritt: status=running, gesamt=98920, versucht=6, abgeschlossen=5, fehlgeschlagen=0, fehlend=0, in_arbeit=1, offen=98915
2026-09-27 08:18:45 - __main__ - INFO - Reprocessing-Fortschritt: status=running, gesamt=98920, versucht=6, abgeschlossen=5, fehlgeschlagen=0, fehlend=0, in_arbeit=1, offen=98915
2026-09-27 08:19:45 - __main__ - INFO - Reprocessing-Fortschritt: status=running, gesamt=98920, versucht=6, abgeschlossen=5, fehlgeschlagen=0, fehlend=0, in_arbeit=1, offen=98915
2026-09-27 08:20:45 - __main__ - INFO - Reprocessing-Fortschritt: status=running, gesamt=98920, versucht=6, abgeschlossen=5, fehlgeschlagen=0, fehlend=0, in_arbeit=1, offen=98915
2026-09-27 08:21:08 - filemind.integrations.ai_naming.ollama - INFO - Bildbeschreibung für DSC_5004.JPG: Ein schwarzer, lebendig aussehender Wolf mit goldenem Schwanz und einer goldenen Kugel auf dem Kopf steht auf einem Stein vor einem blühenden Baum und einem Gebäude im Hintergrund.
2026-09-27 08:21:26 - filemind.routing.router - INFO - Rohes Smart-Name-Ergebnis: 'wolf_golden_stein_baum'
2026-09-27 08:21:26 - filemind.routing.router - INFO - AI-Naming schlägt vor: 2016-04-02_wolf_golden_stein_baum.jpg
2026-09-27 08:21:45 - __main__ - INFO - Reprocessing-Fortschritt: status=running, gesamt=98920, versucht=6, abgeschlossen=5, fehlgeschlagen=0, fehlend=0, in_arbeit=1, offen=98915
2026-09-27 08:22:45 - __main__ - INFO - Reprocessing-Fortschritt: status=running, gesamt=98920, versucht=6, abgeschlossen=5, fehlgeschlagen=0, fehlend=0, in_arbeit=1, offen=98915
2026-09-27 08:23:02 - filemind.integrations.ai_naming - WARNING - KI-Ortserkennung lieferte kein gültiges JSON; Ortsangaben verworfen
2026-09-27 08:23:02 - filemind.routing.router - INFO - Klassifizierung: 29.VFO -> other (Vertrauen: 0.50)
2026-09-27 08:23:02 - filemind.integrations.ai_naming - INFO - Generiere Namen für: 29.VFO (Typ: other)
2026-09-27 08:23:02 - filemind.routing.router - INFO - Rohes Smart-Name-Ergebnis: 'datei_29'
2026-09-27 08:23:02 - filemind.routing.router - INFO - AI-Naming schlägt vor: 2011-05-19_datei_29.vfo
2026-09-27 08:23:02 - filemind.integrations.metadata_extractor - INFO - Metadaten verarbeitet: 29.VFO -> file_vfo_20110519_173128_12.5kb
2026-09-27 08:23:02 - filemind.integrations.ocr - ERROR - Nicht unterstütztes Format: .NEF
2026-09-27 08:23:02 - filemind.classification.classifier - INFO - Bildentscheidung: DSC_3348.NEF | OCR-Wörter=0 (Dokument-Schwelle >= 15) | Farbigkeit=nicht ermittelt (Dokument-Schwelle <= 13.0; bei zu wenig OCR-Text nicht geprüft) | Ergebnis=Foto | Grund=zu wenige OCR-Wörter und kein Scan-/TIFF-Fallback
2026-09-27 08:23:02 - filemind.routing.router - INFO - Klassifizierung: DSC_3348.NEF -> real_image (Vertrauen: 0.90)
2026-09-27 08:23:02 - filemind.integrations.ai_naming - INFO - Generiere Namen für: DSC_3348.NEF (Typ: real_image)
2026-09-27 08:23:45 - __main__ - INFO - Reprocessing-Fortschritt: status=running, gesamt=98920, versucht=8, abgeschlossen=7, fehlgeschlagen=0, fehlend=0, in_arbeit=1, offen=98913
2026-09-27 08:24:45 - __main__ - INFO - Reprocessing-Fortschritt: status=running, gesamt=98920, versucht=8, abgeschlossen=7, fehlgeschlagen=0, fehlend=0, in_arbeit=1, offen=98913
2026-09-27 08:25:45 - __main__ - INFO - Reprocessing-Fortschritt: status=running, gesamt=98920, versucht=8, abgeschlossen=7, fehlgeschlagen=0, fehlend=0, in_arbeit=1, offen=98913
2026-09-27 08:26:45 - __main__ - INFO - Reprocessing-Fortschritt: status=running, gesamt=98920, versucht=8, abgeschlossen=7, fehlgeschlagen=0, fehlend=0, in_arbeit=1, offen=98913
2026-09-27 08:27:45 - __main__ - INFO - Reprocessing-Fortschritt: status=running, gesamt=98920, versucht=8, abgeschlossen=7, fehlgeschlagen=0, fehlend=0, in_arbeit=1, offen=98913
2026-09-27 08:28:45 - __main__ - INFO - Reprocessing-Fortschritt: status=running, gesamt=98920, versucht=8, abgeschlossen=7, fehlgeschlagen=0, fehlend=0, in_arbeit=1, offen=98913
2026-09-27 08:29:45 - __main__ - INFO - Reprocessing-Fortschritt: status=running, gesamt=98920, versucht=8, abgeschlossen=7, fehlgeschlagen=0, fehlend=0, in_arbeit=1, offen=98913
2026-09-27 08:30:45 - __main__ - INFO - Reprocessing-Fortschritt: status=running, gesamt=98920, versucht=8, abgeschlossen=7, fehlgeschlagen=0, fehlend=0, in_arbeit=1, offen=98913
2026-09-27 08:31:45 - __main__ - INFO - Reprocessing-Fortschritt: status=running, gesamt=98920, versucht=8, abgeschlossen=7, fehlgeschlagen=0, fehlend=0, in_arbeit=1, offen=98913
2026-09-27 08:32:45 - __main__ - INFO - Reprocessing-Fortschritt: status=running, gesamt=98920, versucht=8, abgeschlossen=7, fehlgeschlagen=0, fehlend=0, in_arbeit=1, offen=98913
2026-09-27 08:33:45 - __main__ - INFO - Reprocessing-Fortschritt: status=running, gesamt=98920, versucht=8, abgeschlossen=7, fehlgeschlagen=0, fehlend=0, in_arbeit=1, offen=98913
2026-09-27 08:34:45 - __main__ - INFO - Reprocessing-Fortschritt: status=running, gesamt=98920, versucht=8, abgeschlossen=7, fehlgeschlagen=0, fehlend=0, in_arbeit=1, offen=98913
2026-09-27 08:35:45 - __main__ - INFO - Reprocessing-Fortschritt: status=running, gesamt=98920, versucht=8, abgeschlossen=7, fehlgeschlagen=0, fehlend=0, in_arbeit=1, offen=98913
2026-09-27 08:35:56 - filemind.integrations.ai_naming.ollama - INFO - Bildbeschreibung für DSC_3348.NEF: Ein ruhiger See ist von dichtem Wald umgeben und ein einzelner Baum steht im Wasser.
2026-09-27 08:36:10 - filemind.routing.router - INFO - Rohes Smart-Name-Ergebnis: 'see_wald_baum_weiss'
2026-09-27 08:36:10 - filemind.routing.router - INFO - AI-Naming schlägt vor: 2016-03-27_see_wald_baum_weiss.nef
2026-09-27 08:36:45 - __main__ - INFO - Reprocessing-Fortschritt: status=running, gesamt=98920, versucht=8, abgeschlossen=7, fehlgeschlagen=0, fehlend=0, in_arbeit=1, offen=98913
2026-09-27 08:37:45 - __main__ - INFO - Reprocessing-Fortschritt: status=running, gesamt=98920, versucht=8, abgeschlossen=7, fehlgeschlagen=0, fehlend=0, in_arbeit=1, offen=98913
2026-09-27 08:37:45 - filemind.integrations.ai_naming - WARNING - KI-Ortserkennung lieferte kein gültiges JSON; Ortsangaben verworfen
2026-09-27 08:38:06 - filemind.integrations.ocr - INFO - OCR erfolgreich für 'DSC_7114_01.JPG' - erkannter Text-Länge: 0
2026-09-27 08:38:06 - filemind.classification.classifier - INFO - Bildentscheidung: DSC_7114_01.JPG | OCR-Wörter=0 (Dokument-Schwelle >= 15) | Farbigkeit=nicht ermittelt (Dokument-Schwelle <= 13.0; bei zu wenig OCR-Text nicht geprüft) | Ergebnis=Foto | Grund=zu wenige OCR-Wörter und kein Scan-/TIFF-Fallback
2026-09-27 08:38:06 - filemind.routing.router - INFO - Klassifizierung: DSC_7114_01.JPG -> real_image (Vertrauen: 0.90)
2026-09-27 08:38:06 - filemind.integrations.ai_naming - INFO - Generiere Namen für: DSC_7114_01.JPG (Typ: real_image)
2026-09-27 08:38:45 - __main__ - INFO - Reprocessing-Fortschritt: status=running, gesamt=98920, versucht=9, abgeschlossen=8, fehlgeschlagen=0, fehlend=0, in_arbeit=1, offen=98912
2026-09-27 08:39:45 - __main__ - INFO - Reprocessing-Fortschritt: status=running, gesamt=98920, versucht=9, abgeschlossen=8, fehlgeschlagen=0, fehlend=0, in_arbeit=1, offen=98912
2026-09-27 08:40:45 - __main__ - INFO - Reprocessing-Fortschritt: status=running, gesamt=98920, versucht=9, abgeschlossen=8, fehlgeschlagen=0, fehlend=0, in_arbeit=1, offen=98912
2026-09-27 08:41:45 - __main__ - INFO - Reprocessing-Fortschritt: status=running, gesamt=98920, versucht=9, abgeschlossen=8, fehlgeschlagen=0, fehlend=0, in_arbeit=1, offen=98912
2026-09-27 08:42:45 - __main__ - INFO - Reprocessing-Fortschritt: status=running, gesamt=98920, versucht=9, abgeschlossen=8, fehlgeschlagen=0, fehlend=0, in_arbeit=1, offen=98912
2026-09-27 08:43:45 - __main__ - INFO - Reprocessing-Fortschritt: status=running, gesamt=98920, versucht=9, abgeschlossen=8, fehlgeschlagen=0, fehlend=0, in_arbeit=1, offen=98912
2026-09-27 08:44:45 - __main__ - INFO - Reprocessing-Fortschritt: status=running, gesamt=98920, versucht=9, abgeschlossen=8, fehlgeschlagen=0, fehlend=0, in_arbeit=1, offen=98912
2026-09-27 08:45:45 - __main__ - INFO - Reprocessing-Fortschritt: status=running, gesamt=98920, versucht=9, abgeschlossen=8, fehlgeschlagen=0, fehlend=0, in_arbeit=1, offen=98912
2026-09-27 08:46:45 - __main__ - INFO - Reprocessing-Fortschritt: status=running, gesamt=98920, versucht=9, abgeschlossen=8, fehlgeschlagen=0, fehlend=0, in_arbeit=1, offen=98912
2026-09-27 08:47:45 - __main__ - INFO - Reprocessing-Fortschritt: status=running, gesamt=98920, versucht=9, abgeschlossen=8, fehlgeschlagen=0, fehlend=0, in_arbeit=1, offen=98912
2026-09-27 08:48:45 - __main__ - INFO - Reprocessing-Fortschritt: status=running, gesamt=98920, versucht=9, abgeschlossen=8, fehlgeschlagen=0, fehlend=0, in_arbeit=1, offen=98912
2026-09-27 08:49:45 - __main__ - INFO - Reprocessing-Fortschritt: status=running, gesamt=98920, versucht=9, abgeschlossen=8, fehlgeschlagen=0, fehlend=0, in_arbeit=1, offen=98912
2026-09-27 08:50:45 - __main__ - INFO - Reprocessing-Fortschritt: status=running, gesamt=98920, versucht=9, abgeschlossen=8, fehlgeschlagen=0, fehlend=0, in_arbeit=1, offen=98912
2026-09-27 08:51:20 - filemind.integrations.ai_naming.ollama - INFO - Bildbeschreibung für DSC_7114_01.JPG: Ein traditionelles japanisches Laternenlicht hängt unter einem Dach und ist von einer grünen Umgebung umgeben.
2026-09-27 08:51:34 - filemind.routing.router - INFO - Rohes Smart-Name-Ergebnis: 'fahrt_laternen_japanisch_gruen_dach'
2026-09-27 08:51:34 - filemind.routing.router - INFO - AI-Naming schlägt vor: 2016-04-09_fahrt_laternen_japanisch_gruen_dach.jpg
2026-09-27 08:51:45 - __main__ - INFO - Reprocessing-Fortschritt: status=running, gesamt=98920, versucht=9, abgeschlossen=8, fehlgeschlagen=0, fehlend=0, in_arbeit=1, offen=98912
2026-09-27 08:52:45 - __main__ - INFO - Reprocessing-Fortschritt: status=running, gesamt=98920, versucht=9, abgeschlossen=8, fehlgeschlagen=0, fehlend=0, in_arbeit=1, offen=98912
2026-09-27 08:53:10 - filemind.integrations.ai_naming - WARNING - KI-Ortserkennung lieferte kein gültiges JSON; Ortsangaben verworfen
2026-09-27 08:53:10 - filemind.integrations.ocr - ERROR - Nicht unterstütztes Format: .NEF
2026-09-27 08:53:10 - filemind.classification.classifier - INFO - Bildentscheidung: DSC_7392.NEF | OCR-Wörter=0 (Dokument-Schwelle >= 15) | Farbigkeit=nicht ermittelt (Dokument-Schwelle <= 13.0; bei zu wenig OCR-Text nicht geprüft) | Ergebnis=Foto | Grund=zu wenige OCR-Wörter und kein Scan-/TIFF-Fallback
2026-09-27 08:53:10 - filemind.routing.router - INFO - Klassifizierung: DSC_7392.NEF -> real_image (Vertrauen: 0.90)
2026-09-27 08:53:10 - filemind.integrations.ai_naming - INFO - Generiere Namen für: DSC_7392.NEF (Typ: real_image)
2026-09-27 08:53:45 - __main__ - INFO - Reprocessing-Fortschritt: status=running, gesamt=98920, versucht=10, abgeschlossen=9, fehlgeschlagen=0, fehlend=0, in_arbeit=1, offen=98911
2026-09-27 08:54:45 - __main__ - INFO - Reprocessing-Fortschritt: status=running, gesamt=98920, versucht=10, abgeschlossen=9, fehlgeschlagen=0, fehlend=0, in_arbeit=1, offen=98911
2026-09-27 08:55:45 - __main__ - INFO - Reprocessing-Fortschritt: status=running, gesamt=98920, versucht=10, abgeschlossen=9, fehlgeschlagen=0, fehlend=0, in_arbeit=1, offen=98911
2026-09-27 08:56:45 - __main__ - INFO - Reprocessing-Fortschritt: status=running, gesamt=98920, versucht=10, abgeschlossen=9, fehlgeschlagen=0, fehlend=0, in_arbeit=1, offen=98911
2026-09-27 08:57:45 - __main__ - INFO - Reprocessing-Fortschritt: status=running, gesamt=98920, versucht=10, abgeschlossen=9, fehlgeschlagen=0, fehlend=0, in_arbeit=1, offen=98911
2026-09-27 08:58:45 - __main__ - INFO - Reprocessing-Fortschritt: status=running, gesamt=98920, versucht=10, abgeschlossen=9, fehlgeschlagen=0, fehlend=0, in_arbeit=1, offen=98911
2026-09-27 08:59:45 - __main__ - INFO - Reprocessing-Fortschritt: status=running, gesamt=98920, versucht=10, abgeschlossen=9, fehlgeschlagen=0, fehlend=0, in_arbeit=1, offen=98911
2026-09-27 09:00:45 - __main__ - INFO - Reprocessing-Fortschritt: status=running, gesamt=98920, versucht=10, abgeschlossen=9, fehlgeschlagen=0, fehlend=0, in_arbeit=1, offen=98911
2026-09-27 09:01:45 - __main__ - INFO - Reprocessing-Fortschritt: status=running, gesamt=98920, versucht=10, abgeschlossen=9, fehlgeschlagen=0, fehlend=0, in_arbeit=1, offen=98911
2026-09-27 09:02:45 - __main__ - INFO - Reprocessing-Fortschritt: status=running, gesamt=98920, versucht=10, abgeschlossen=9, fehlgeschlagen=0, fehlend=0, in_arbeit=1, offen=98911
2026-09-27 09:03:45 - __main__ - INFO - Reprocessing-Fortschritt: status=running, gesamt=98920, versucht=10, abgeschlossen=9, fehlgeschlagen=0, fehlend=0, in_arbeit=1, offen=98911
2026-09-27 09:04:45 - __main__ - INFO - Reprocessing-Fortschritt: status=running, gesamt=98920, versucht=10, abgeschlossen=9, fehlgeschlagen=0, fehlend=0, in_arbeit=1, offen=98911
2026-09-27 09:05:45 - __main__ - INFO - Reprocessing-Fortschritt: status=running, gesamt=98920, versucht=10, abgeschlossen=9, fehlgeschlagen=0, fehlend=0, in_arbeit=1, offen=98911
2026-09-27 09:06:03 - filemind.integrations.ai_naming.ollama - INFO - Bildbeschreibung für DSC_7392.NEF: Die Hauptfigur des Fotos ist ein großes, weißes Hotelgebäude mit einer markanten, mehrteiligen Fassade und einem überdachten Eingangsbereich, der sich vor einem blauen Himmel mit vereinzelten Wolken befindet. Im Vordergrund sind geparkte Autos und einige Bäume zu sehen.
2026-09-27 09:06:45 - __main__ - INFO - Reprocessing-Fortschritt: status=running, gesamt=98920, versucht=10, abgeschlossen=9, fehlgeschlagen=0, fehlend=0, in_arbeit=1, offen=98911
2026-09-27 09:07:29 - filemind.routing.router - INFO - Rohes Smart-Name-Ergebnis: 'weisses_hotel_mehrteilige_fassade_blaue_himmel'
2026-09-27 09:07:29 - filemind.routing.router - INFO - AI-Naming schlägt vor: 2012-09-08_weisses_hotel_mehrteilige_fassade_blaue_himmel.nef
2026-09-27 09:07:45 - __main__ - INFO - Reprocessing-Fortschritt: status=running, gesamt=98920, versucht=10, abgeschlossen=9, fehlgeschlagen=0, fehlend=0, in_arbeit=1, offen=98911
2026-09-27 09:08:45 - __main__ - INFO - Reprocessing-Fortschritt: status=running, gesamt=98920, versucht=10, abgeschlossen=9, fehlgeschlagen=0, fehlend=0, in_arbeit=1, offen=98911
2026-09-27 09:09:09 - filemind.integrations.ai_naming - WARNING - KI-Ortserkennung lieferte kein gültiges JSON; Ortsangaben verworfen
2026-09-27 09:09:31 - filemind.integrations.ocr - INFO - OCR erfolgreich für 'DSC_6693_01.JPG' - erkannter Text-Länge: 0
2026-09-27 09:09:31 - filemind.classification.classifier - INFO - Bildentscheidung: DSC_6693_01.JPG | OCR-Wörter=0 (Dokument-Schwelle >= 15) | Farbigkeit=nicht ermittelt (Dokument-Schwelle <= 13.0; bei zu wenig OCR-Text nicht geprüft) | Ergebnis=Foto | Grund=zu wenige OCR-Wörter und kein Scan-/TIFF-Fallback
2026-09-27 09:09:31 - filemind.routing.router - INFO - Klassifizierung: DSC_6693_01.JPG -> real_image (Vertrauen: 0.90)
2026-09-27 09:09:31 - filemind.integrations.ai_naming - INFO - Generiere Namen für: DSC_6693_01.JPG (Typ: real_image)
2026-09-27 09:09:45 - __main__ - INFO - Reprocessing-Fortschritt: status=running, gesamt=98920, versucht=11, abgeschlossen=10, fehlgeschlagen=0, fehlend=0, in_arbeit=1, offen=98910
2026-09-27 09:10:45 - __main__ - INFO - Reprocessing-Fortschritt: status=running, gesamt=98920, versucht=11, abgeschlossen=10, fehlgeschlagen=0, fehlend=0, in_arbeit=1, offen=98910
2026-09-27 09:11:45 - __main__ - INFO - Reprocessing-Fortschritt: status=running, gesamt=98920, versucht=11, abgeschlossen=10, fehlgeschlagen=0, fehlend=0, in_arbeit=1, offen=98910
2026-09-27 09:12:45 - __main__ - INFO - Reprocessing-Fortschritt: status=running, gesamt=98920, versucht=11, abgeschlossen=10, fehlgeschlagen=0, fehlend=0, in_arbeit=1, offen=98910
2026-09-27 09:13:45 - __main__ - INFO - Reprocessing-Fortschritt: status=running, gesamt=98920, versucht=11, abgeschlossen=10, fehlgeschlagen=0, fehlend=0, in_arbeit=1, offen=98910
2026-09-27 09:14:45 - __main__ - INFO - Reprocessing-Fortschritt: status=running, gesamt=98920, versucht=11, abgeschlossen=10, fehlgeschlagen=0, fehlend=0, in_arbeit=1, offen=98910
2026-09-27 09:15:45 - __main__ - INFO - Reprocessing-Fortschritt: status=running, gesamt=98920, versucht=11, abgeschlossen=10, fehlgeschlagen=0, fehlend=0, in_arbeit=1, offen=98910
2026-09-27 09:16:45 - __main__ - INFO - Reprocessing-Fortschritt: status=running, gesamt=98920, versucht=11, abgeschlossen=10, fehlgeschlagen=0, fehlend=0, in_arbeit=1, offen=98910
2026-09-27 09:17:45 - __main__ - INFO - Reprocessing-Fortschritt: status=running, gesamt=98920, versucht=11, abgeschlossen=10, fehlgeschlagen=0, fehlend=0, in_arbeit=1, offen=98910
2026-09-27 09:18:45 - __main__ - INFO - Reprocessing-Fortschritt: status=running, gesamt=98920, versucht=11, abgeschlossen=10, fehlgeschlagen=0, fehlend=0, in_arbeit=1, offen=98910
2026-09-27 09:19:45 - __main__ - INFO - Reprocessing-Fortschritt: status=running, gesamt=98920, versucht=11, abgeschlossen=10, fehlgeschlagen=0, fehlend=0, in_arbeit=1, offen=98910
2026-09-27 09:20:45 - __main__ - INFO - Reprocessing-Fortschritt: status=running, gesamt=98920, versucht=11, abgeschlossen=10, fehlgeschlagen=0, fehlend=0, in_arbeit=1, offen=98910
2026-09-27 09:21:45 - __main__ - INFO - Reprocessing-Fortschritt: status=running, gesamt=98920, versucht=11, abgeschlossen=10, fehlgeschlagen=0, fehlend=0, in_arbeit=1, offen=98910
2026-09-27 09:22:19 - filemind.integrations.ai_naming.ollama - INFO - Bildbeschreibung für DSC_6693_01.JPG: Die Aufnahme zeigt die Innenraumgestaltung eines roten klassischen Autos mit einem schwarzen Lenkrad und drei Zifferblattinstrumenten.
2026-09-27 09:22:35 - filemind.routing.router - INFO - Rohes Smart-Name-Ergebnis: 'roter_klassischer_wagen_innenraum'
2026-09-27 09:22:35 - filemind.routing.router - INFO - AI-Naming schlägt vor: 2016-04-08_roter_klassischer_wagen_innenraum.jpg
2026-09-27 09:22:45 - __main__ - INFO - Reprocessing-Fortschritt: status=running, gesamt=98920, versucht=11, abgeschlossen=10, fehlgeschlagen=0, fehlend=0, in_arbeit=1, offen=98910
2026-09-27 09:23:45 - __main__ - INFO - Reprocessing-Fortschritt: status=running, gesamt=98920, versucht=11, abgeschlossen=10, fehlgeschlagen=0, fehlend=0, in_arbeit=1, offen=98910
2026-09-27 09:24:09 - filemind.integrations.ai_naming - WARNING - KI-Ortserkennung lieferte kein gültiges JSON; Ortsangaben verworfen
2026-09-27 09:24:15 - filemind.routing.router - INFO - Klassifizierung: 1.3.46.670589.11.42025.5.0.7344.2022102618361713432.dcm -> other (Vertrauen: 0.50)
2026-09-27 09:24:15 - filemind.integrations.ai_naming - INFO - Generiere Namen für: 1.3.46.670589.11.42025.5.0.7344.2022102618361713432.dcm (Typ: other)
2026-09-27 09:24:15 - filemind.routing.router - INFO - Rohes Smart-Name-Ergebnis: 'datei_1.3.46.670589.11.420'
2026-09-27 09:24:15 - filemind.routing.router - INFO - AI-Naming schlägt vor: 2023-02-26_datei_134667058911.dcm
2026-09-27 09:24:15 - filemind.integrations.metadata_extractor - INFO - Metadaten verarbeitet: 1.3.46.670589.11.42025.5.0.7344.2022102618361713432.dcm -> file_dcm_20230226_184154_299.6kb
2026-09-27 09:24:15 - filemind.routing.router - INFO - Klassifizierung: 00008.MTS -> other (Vertrauen: 0.50)
2026-09-27 09:24:15 - filemind.integrations.ai_naming - INFO - Generiere Namen für: 00008.MTS (Typ: other)
2026-09-27 09:24:15 - filemind.routing.router - INFO - Rohes Smart-Name-Ergebnis: 'datei_00008'
2026-09-27 09:24:16 - filemind.routing.router - INFO - AI-Naming schlägt vor: 2016-03-30_datei_00008.mts
2026-09-27 09:24:16 - filemind.integrations.metadata_extractor - INFO - Metadaten verarbeitet: 00008.MTS -> file_mts_20160330_112542_18.4mb
2026-09-27 09:24:16 - filemind.integrations.ocr - ERROR - Nicht unterstütztes Format: .NEF
2026-09-27 09:24:16 - filemind.classification.classifier - INFO - Bildentscheidung: DSC_8235.NEF | OCR-Wörter=0 (Dokument-Schwelle >= 15) | Farbigkeit=nicht ermittelt (Dokument-Schwelle <= 13.0; bei zu wenig OCR-Text nicht geprüft) | Ergebnis=Foto | Grund=zu wenige OCR-Wörter und kein Scan-/TIFF-Fallback
2026-09-27 09:24:16 - filemind.routing.router - INFO - Klassifizierung: DSC_8235.NEF -> real_image (Vertrauen: 0.90)
2026-09-27 09:24:16 - filemind.integrations.ai_naming - INFO - Generiere Namen für: DSC_8235.NEF (Typ: real_image)
2026-09-27 09:24:45 - __main__ - INFO - Reprocessing-Fortschritt: status=running, gesamt=98920, versucht=14, abgeschlossen=13, fehlgeschlagen=0, fehlend=0, in_arbeit=1, offen=98907
2026-09-27 09:25:45 - __main__ - INFO - Reprocessing-Fortschritt: status=running, gesamt=98920, versucht=14, abgeschlossen=13, fehlgeschlagen=0, fehlend=0, in_arbeit=1, offen=98907
2026-09-27 09:26:45 - __main__ - INFO - Reprocessing-Fortschritt: status=running, gesamt=98920, versucht=14, abgeschlossen=13, fehlgeschlagen=0, fehlend=0, in_arbeit=1, offen=98907
2026-09-27 09:27:45 - __main__ - INFO - Reprocessing-Fortschritt: status=running, gesamt=98920, versucht=14, abgeschlossen=13, fehlgeschlagen=0, fehlend=0, in_arbeit=1, offen=98907
2026-09-27 09:28:45 - __main__ - INFO - Reprocessing-Fortschritt: status=running, gesamt=98920, versucht=14, abgeschlossen=13, fehlgeschlagen=0, fehlend=0, in_arbeit=1, offen=98907
2026-09-27 09:29:45 - __main__ - INFO - Reprocessing-Fortschritt: status=running, gesamt=98920, versucht=14, abgeschlossen=13, fehlgeschlagen=0, fehlend=0, in_arbeit=1, offen=98907
2026-09-27 09:30:45 - __main__ - INFO - Reprocessing-Fortschritt: status=running, gesamt=98920, versucht=14, abgeschlossen=13, fehlgeschlagen=0, fehlend=0, in_arbeit=1, offen=98907
2026-09-27 09:31:45 - __main__ - INFO - Reprocessing-Fortschritt: status=running, gesamt=98920, versucht=14, abgeschlossen=13, fehlgeschlagen=0, fehlend=0, in_arbeit=1, offen=98907
2026-09-27 09:32:45 - __main__ - INFO - Reprocessing-Fortschritt: status=running, gesamt=98920, versucht=14, abgeschlossen=13, fehlgeschlagen=0, fehlend=0, in_arbeit=1, offen=98907
2026-09-27 09:33:45 - __main__ - INFO - Reprocessing-Fortschritt: status=running, gesamt=98920, versucht=14, abgeschlossen=13, fehlgeschlagen=0, fehlend=0, in_arbeit=1, offen=98907
2026-09-27 09:34:45 - __main__ - INFO - Reprocessing-Fortschritt: status=running, gesamt=98920, versucht=14, abgeschlossen=13, fehlgeschlagen=0, fehlend=0, in_arbeit=1, offen=98907
2026-09-27 09:35:45 - __main__ - INFO - Reprocessing-Fortschritt: status=running, gesamt=98920, versucht=14, abgeschlossen=13, fehlgeschlagen=0, fehlend=0, in_arbeit=1, offen=98907
2026-09-27 09:36:45 - __main__ - INFO - Reprocessing-Fortschritt: status=running, gesamt=98920, versucht=14, abgeschlossen=13, fehlgeschlagen=0, fehlend=0, in_arbeit=1, offen=98907
2026-09-27 09:37:08 - filemind.integrations.ai_naming.ollama - INFO - Bildbeschreibung für DSC_8235.NEF: Die Fotografie zeigt eine Strandlandschaft mit klarem Wasser und einem sandigen Ufer, auf dem zwei kreisförmige Hohlräume zu erkennen sind.
2026-09-27 09:37:25 - filemind.routing.router - INFO - Rohes Smart-Name-Ergebnis: 'strand_hohlraum_weisses_wasser_ufer_kreisformig'
2026-09-27 09:37:25 - filemind.routing.router - INFO - AI-Naming schlägt vor: 2012-09-13_strand_hohlraum_weisses_wasser_ufer_kreisformig.nef
2026-09-27 09:37:45 - __main__ - INFO - Reprocessing-Fortschritt: status=running, gesamt=98920, versucht=14, abgeschlossen=13, fehlgeschlagen=0, fehlend=0, in_arbeit=1, offen=98907
2026-09-27 09:38:45 - __main__ - INFO - Reprocessing-Fortschritt: status=running, gesamt=98920, versucht=14, abgeschlossen=13, fehlgeschlagen=0, fehlend=0, in_arbeit=1, offen=98907
2026-09-27 09:39:05 - filemind.integrations.ai_naming - WARNING - KI-Ortserkennung lieferte kein gültiges JSON; Ortsangaben verworfen
2026-09-27 09:39:06 - filemind.routing.router - INFO - Klassifizierung: 00078_mts.H0 -> other (Vertrauen: 0.50)
2026-09-27 09:39:06 - filemind.integrations.ai_naming - INFO - Generiere Namen für: 00078_mts.H0 (Typ: other)
2026-09-27 09:39:06 - filemind.routing.router - INFO - Rohes Smart-Name-Ergebnis: 'datei_00078_mts'
2026-09-27 09:39:06 - filemind.routing.router - INFO - AI-Naming schlägt vor: 2016-09-05_datei_00078_mts.h0
2026-09-27 09:39:06 - filemind.integrations.metadata_extractor - INFO - Metadaten verarbeitet: 00078_mts.H0 -> file_h0_20160905_211245_51.3kb
2026-09-27 09:39:06 - filemind.integrations.ocr - ERROR - Nicht unterstütztes Format: .NEF
2026-09-27 09:39:06 - filemind.classification.classifier - INFO - Bildentscheidung: DSC_0531.NEF | OCR-Wörter=0 (Dokument-Schwelle >= 15) | Farbigkeit=nicht ermittelt (Dokument-Schwelle <= 13.0; bei zu wenig OCR-Text nicht geprüft) | Ergebnis=Foto | Grund=zu wenige OCR-Wörter und kein Scan-/TIFF-Fallback
2026-09-27 09:39:06 - filemind.routing.router - INFO - Klassifizierung: DSC_0531.NEF -> real_image (Vertrauen: 0.90)
2026-09-27 09:39:06 - filemind.integrations.ai_naming - INFO - Generiere Namen für: DSC_0531.NEF (Typ: real_image)
2026-09-27 09:39:45 - __main__ - INFO - Reprocessing-Fortschritt: status=running, gesamt=98920, versucht=16, abgeschlossen=15, fehlgeschlagen=0, fehlend=0, in_arbeit=1, offen=98905
2026-09-27 09:40:45 - __main__ - INFO - Reprocessing-Fortschritt: status=running, gesamt=98920, versucht=16, abgeschlossen=15, fehlgeschlagen=0, fehlend=0, in_arbeit=1, offen=98905
2026-09-27 09:41:45 - __main__ - INFO - Reprocessing-Fortschritt: status=running, gesamt=98920, versucht=16, abgeschlossen=15, fehlgeschlagen=0, fehlend=0, in_arbeit=1, offen=98905
2026-09-27 09:42:45 - __main__ - INFO - Reprocessing-Fortschritt: status=running, gesamt=98920, versucht=16, abgeschlossen=15, fehlgeschlagen=0, fehlend=0, in_arbeit=1, offen=98905
2026-09-27 09:43:45 - __main__ - INFO - Reprocessing-Fortschritt: status=running, gesamt=98920, versucht=16, abgeschlossen=15, fehlgeschlagen=0, fehlend=0, in_arbeit=1, offen=98905
2026-09-27 09:44:45 - __main__ - INFO - Reprocessing-Fortschritt: status=running, gesamt=98920, versucht=16, abgeschlossen=15, fehlgeschlagen=0, fehlend=0, in_arbeit=1, offen=98905
2026-09-27 09:45:45 - __main__ - INFO - Reprocessing-Fortschritt: status=running, gesamt=98920, versucht=16, abgeschlossen=15, fehlgeschlagen=0, fehlend=0, in_arbeit=1, offen=98905
2026-09-27 09:46:45 - __main__ - INFO - Reprocessing-Fortschritt: status=running, gesamt=98920, versucht=16, abgeschlossen=15, fehlgeschlagen=0, fehlend=0, in_arbeit=1, offen=98905
2026-09-27 09:47:45 - __main__ - INFO - Reprocessing-Fortschritt: status=running, gesamt=98920, versucht=16, abgeschlossen=15, fehlgeschlagen=0, fehlend=0, in_arbeit=1, offen=98905
2026-09-27 09:48:45 - __main__ - INFO - Reprocessing-Fortschritt: status=running, gesamt=98920, versucht=16, abgeschlossen=15, fehlgeschlagen=0, fehlend=0, in_arbeit=1, offen=98905
2026-09-27 09:49:45 - __main__ - INFO - Reprocessing-Fortschritt: status=running, gesamt=98920, versucht=16, abgeschlossen=15, fehlgeschlagen=0, fehlend=0, in_arbeit=1, offen=98905
2026-09-27 09:50:45 - __main__ - INFO - Reprocessing-Fortschritt: status=running, gesamt=98920, versucht=16, abgeschlossen=15, fehlgeschlagen=0, fehlend=0, in_arbeit=1, offen=98905
2026-09-27 09:51:45 - __main__ - INFO - Reprocessing-Fortschritt: status=running, gesamt=98920, versucht=16, abgeschlossen=15, fehlgeschlagen=0, fehlend=0, in_arbeit=1, offen=98905
2026-09-27 09:51:49 - filemind.integrations.ai_naming.ollama - INFO - Bildbeschreibung für DSC_0531.NEF: Ein Hai schwimmt in einem blauen Pool.
2026-09-27 09:51:52 - filemind.routing.router - INFO - Rohes Smart-Name-Ergebnis: 'hai_pool_blau'
2026-09-27 09:51:52 - filemind.routing.router - INFO - AI-Naming schlägt vor: 2017-09-16_hai_pool_blau.nef
2026-09-27 09:52:45 - __main__ - INFO - Reprocessing-Fortschritt: status=running, gesamt=98920, versucht=16, abgeschlossen=15, fehlgeschlagen=0, fehlend=0, in_arbeit=1, offen=98905
2026-09-27 09:53:32 - filemind.integrations.ai_naming - WARNING - KI-Ortserkennung lieferte kein gültiges JSON; Ortsangaben verworfen
2026-09-27 09:53:45 - __main__ - INFO - Reprocessing-Fortschritt: status=running, gesamt=98920, versucht=17, abgeschlossen=16, fehlgeschlagen=0, fehlend=0, in_arbeit=1, offen=98904
2026-09-27 09:54:13 - filemind.integrations.ocr - INFO - OCR erfolgreich für 'DSC_0232.JPG' - erkannter Text-Länge: 0
2026-09-27 09:54:13 - filemind.classification.classifier - INFO - Bildentscheidung: DSC_0232.JPG | OCR-Wörter=0 (Dokument-Schwelle >= 15) | Farbigkeit=nicht ermittelt (Dokument-Schwelle <= 13.0; bei zu wenig OCR-Text nicht geprüft) | Ergebnis=Foto | Grund=zu wenige OCR-Wörter und kein Scan-/TIFF-Fallback
2026-09-27 09:54:13 - filemind.routing.router - INFO - Klassifizierung: DSC_0232.JPG -> real_image (Vertrauen: 0.90)
2026-09-27 09:54:13 - filemind.integrations.ai_naming - INFO - Generiere Namen für: DSC_0232.JPG (Typ: real_image)
2026-09-27 09:54:45 - __main__ - INFO - Reprocessing-Fortschritt: status=running, gesamt=98920, versucht=17, abgeschlossen=16, fehlgeschlagen=0, fehlend=0, in_arbeit=1, offen=98904
2026-09-27 09:55:45 - __main__ - INFO - Reprocessing-Fortschritt: status=running, gesamt=98920, versucht=17, abgeschlossen=16, fehlgeschlagen=0, fehlend=0, in_arbeit=1, offen=98904
2026-09-27 09:56:45 - __main__ - INFO - Reprocessing-Fortschritt: status=running, gesamt=98920, versucht=17, abgeschlossen=16, fehlgeschlagen=0, fehlend=0, in_arbeit=1, offen=98904
2026-09-27 09:57:45 - __main__ - INFO - Reprocessing-Fortschritt: status=running, gesamt=98920, versucht=17, abgeschlossen=16, fehlgeschlagen=0, fehlend=0, in_arbeit=1, offen=98904
2026-09-27 09:58:45 - __main__ - INFO - Reprocessing-Fortschritt: status=running, gesamt=98920, versucht=17, abgeschlossen=16, fehlgeschlagen=0, fehlend=0, in_arbeit=1, offen=98904
2026-09-27 09:59:45 - __main__ - INFO - Reprocessing-Fortschritt: status=running, gesamt=98920, versucht=17, abgeschlossen=16, fehlgeschlagen=0, fehlend=0, in_arbeit=1, offen=98904
2026-09-27 10:00:45 - __main__ - INFO - Reprocessing-Fortschritt: status=running, gesamt=98920, versucht=17, abgeschlossen=16, fehlgeschlagen=0, fehlend=0, in_arbeit=1, offen=98904
2026-09-27 10:01:45 - __main__ - INFO - Reprocessing-Fortschritt: status=running, gesamt=98920, versucht=17, abgeschlossen=16, fehlgeschlagen=0, fehlend=0, in_arbeit=1, offen=98904
2026-09-27 10:02:45 - __main__ - INFO - Reprocessing-Fortschritt: status=running, gesamt=98920, versucht=17, abgeschlossen=16, fehlgeschlagen=0, fehlend=0, in_arbeit=1, offen=98904
2026-09-27 10:03:45 - __main__ - INFO - Reprocessing-Fortschritt: status=running, gesamt=98920, versucht=17, abgeschlossen=16, fehlgeschlagen=0, fehlend=0, in_arbeit=1, offen=98904
2026-09-27 10:04:45 - __main__ - INFO - Reprocessing-Fortschritt: status=running, gesamt=98920, versucht=17, abgeschlossen=16, fehlgeschlagen=0, fehlend=0, in_arbeit=1, offen=98904
2026-09-27 10:05:45 - __main__ - INFO - Reprocessing-Fortschritt: status=running, gesamt=98920, versucht=17, abgeschlossen=16, fehlgeschlagen=0, fehlend=0, in_arbeit=1, offen=98904
2026-09-27 10:06:45 - __main__ - INFO - Reprocessing-Fortschritt: status=running, gesamt=98920, versucht=17, abgeschlossen=16, fehlgeschlagen=0, fehlend=0, in_arbeit=1, offen=98904
2026-09-27 10:07:30 - filemind.integrations.ai_naming.ollama - INFO - Bildbeschreibung für DSC_0232.JPG: Die Aufnahme zeigt eine Landschaft mit einem Blick auf eine grüne Hügellandschaft und einen klaren blauen Himmel, die sich über eine Wiese und ein kleines Schwimmbad erstreckt.
2026-09-27 10:07:45 - __main__ - INFO - Reprocessing-Fortschritt: status=running, gesamt=98920, versucht=17, abgeschlossen=16, fehlgeschlagen=0, fehlend=0, in_arbeit=1, offen=98904
2026-09-27 10:07:48 - filemind.routing.router - INFO - Rohes Smart-Name-Ergebnis: 'gruen_huegel_blau_wiese_schwimmbad'
2026-09-27 10:07:48 - filemind.routing.router - INFO - AI-Naming schlägt vor: 2017-09-13_gruen_huegel_blau_wiese_schwimmbad.jpg
2026-09-27 10:08:45 - __main__ - INFO - Reprocessing-Fortschritt: status=running, gesamt=98920, versucht=17, abgeschlossen=16, fehlgeschlagen=0, fehlend=0, in_arbeit=1, offen=98904
2026-09-27 10:09:24 - filemind.integrations.ai_naming - WARNING - KI-Ortserkennung lieferte kein gültiges JSON; Ortsangaben verworfen
2026-09-27 10:09:30 - filemind.routing.router - INFO - Klassifizierung: 1.3.46.670589.11.42025.5.0.10404.2023022310334475085.dcm -> other (Vertrauen: 0.50)
2026-09-27 10:09:30 - filemind.integrations.ai_naming - INFO - Generiere Namen für: 1.3.46.670589.11.42025.5.0.10404.2023022310334475085.dcm (Typ: other)
2026-09-27 10:09:30 - filemind.routing.router - INFO - Rohes Smart-Name-Ergebnis: 'datei_1.3.46.670589.11.420'
2026-09-27 10:09:30 - filemind.routing.router - INFO - AI-Naming schlägt vor: 2023-02-26_datei_134667058911.dcm
2026-09-27 10:09:30 - filemind.integrations.metadata_extractor - INFO - Metadaten verarbeitet: 1.3.46.670589.11.42025.5.0.10404.2023022310334475085.dcm -> file_dcm_20230226_152821_2.0mb
2026-09-27 10:09:31 - filemind.routing.router - INFO - Klassifizierung: ~syncthing~I9000430.tmp -> other (Vertrauen: 0.50)
2026-09-27 10:09:31 - filemind.integrations.ai_naming - INFO - Generiere Namen für: ~syncthing~I9000430.tmp (Typ: other)
2026-09-27 10:09:31 - filemind.routing.router - INFO - Rohes Smart-Name-Ergebnis: 'datei_~syncthing~I9000430'
2026-09-27 10:09:31 - filemind.routing.router - INFO - AI-Naming schlägt vor: 2026-01-17_datei_syncthingi9000430.tmp
2026-09-27 10:09:31 - filemind.integrations.metadata_extractor - INFO - Metadaten verarbeitet: ~syncthing~I9000430.tmp -> file_tmp_20260117_231548_247.4kb
2026-09-27 10:09:37 - filemind.routing.router - INFO - Klassifizierung: MOV02B.avi -> video (Vertrauen: 0.98)
2026-09-27 10:09:37 - filemind.integrations.ai_naming - INFO - Generiere Namen für: MOV02B.avi (Typ: video)
2026-09-27 10:09:37 - filemind.routing.router - INFO - Rohes Smart-Name-Ergebnis: 'video_MOV02B'
2026-09-27 10:09:37 - filemind.routing.router - INFO - AI-Naming schlägt vor: 2011-05-16_video_mov02b.avi
2026-09-27 10:09:37 - filemind.integrations.metadata_extractor - INFO - Metadaten verarbeitet: MOV02B.avi -> video_20110516_212204_4mb
2026-09-27 10:09:45 - __main__ - INFO - Reprocessing-Fortschritt: status=running, gesamt=98920, versucht=21, abgeschlossen=20, fehlgeschlagen=0, fehlend=0, in_arbeit=1, offen=98900
2026-09-27 10:10:08 - filemind.integrations.ocr - INFO - OCR erfolgreich für '20141101_115340.jpg' - erkannter Text-Länge: 186
2026-09-27 10:10:08 - filemind.classification.classifier - INFO - Bildentscheidung: 20141101_115340.jpg | OCR-Wörter=25 (Dokument-Schwelle >= 15) | Farbigkeit=42.0 (Dokument-Schwelle <= 13.0) | Ergebnis=Foto | Grund=Farbwert über der Dokument-Schwelle
2026-09-27 10:10:08 - filemind.routing.router - INFO - Klassifizierung: 20141101_115340.jpg -> real_image (Vertrauen: 0.90)
2026-09-27 10:10:08 - filemind.integrations.ai_naming - INFO - Generiere Namen für: 20141101_115340.jpg (Typ: real_image)
2026-09-27 10:10:45 - __main__ - INFO - Reprocessing-Fortschritt: status=running, gesamt=98920, versucht=21, abgeschlossen=20, fehlgeschlagen=0, fehlend=0, in_arbeit=1, offen=98900
2026-09-27 10:11:45 - __main__ - INFO - Reprocessing-Fortschritt: status=running, gesamt=98920, versucht=21, abgeschlossen=20, fehlgeschlagen=0, fehlend=0, in_arbeit=1, offen=98900
2026-09-27 10:12:45 - __main__ - INFO - Reprocessing-Fortschritt: status=running, gesamt=98920, versucht=21, abgeschlossen=20, fehlgeschlagen=0, fehlend=0, in_arbeit=1, offen=98900
2026-09-27 10:13:45 - __main__ - INFO - Reprocessing-Fortschritt: status=running, gesamt=98920, versucht=21, abgeschlossen=20, fehlgeschlagen=0, fehlend=0, in_arbeit=1, offen=98900
2026-09-27 10:14:45 - __main__ - INFO - Reprocessing-Fortschritt: status=running, gesamt=98920, versucht=21, abgeschlossen=20, fehlgeschlagen=0, fehlend=0, in_arbeit=1, offen=98900
2026-09-27 10:15:45 - __main__ - INFO - Reprocessing-Fortschritt: status=running, gesamt=98920, versucht=21, abgeschlossen=20, fehlgeschlagen=0, fehlend=0, in_arbeit=1, offen=98900
2026-09-27 10:16:45 - __main__ - INFO - Reprocessing-Fortschritt: status=running, gesamt=98920, versucht=21, abgeschlossen=20, fehlgeschlagen=0, fehlend=0, in_arbeit=1, offen=98900
2026-09-27 10:17:45 - __main__ - INFO - Reprocessing-Fortschritt: status=running, gesamt=98920, versucht=21, abgeschlossen=20, fehlgeschlagen=0, fehlend=0, in_arbeit=1, offen=98900
2026-09-27 10:18:45 - __main__ - INFO - Reprocessing-Fortschritt: status=running, gesamt=98920, versucht=21, abgeschlossen=20, fehlgeschlagen=0, fehlend=0, in_arbeit=1, offen=98900
2026-09-27 10:19:45 - __main__ - INFO - Reprocessing-Fortschritt: status=running, gesamt=98920, versucht=21, abgeschlossen=20, fehlgeschlagen=0, fehlend=0, in_arbeit=1, offen=98900
2026-09-27 10:20:45 - __main__ - INFO - Reprocessing-Fortschritt: status=running, gesamt=98920, versucht=21, abgeschlossen=20, fehlgeschlagen=0, fehlend=0, in_arbeit=1, offen=98900
2026-09-27 10:21:45 - __main__ - INFO - Reprocessing-Fortschritt: status=running, gesamt=98920, versucht=21, abgeschlossen=20, fehlgeschlagen=0, fehlend=0, in_arbeit=1, offen=98900
2026-09-27 10:22:45 - __main__ - INFO - Reprocessing-Fortschritt: status=running, gesamt=98920, versucht=21, abgeschlossen=20, fehlgeschlagen=0, fehlend=0, in_arbeit=1, offen=98900
2026-09-27 10:23:01 - filemind.integrations.ai_naming.ollama - INFO - Bildbeschreibung für 20141101_115340.jpg: Die Fotografie zeigt eine belebte Hafenszene mit mehreren Schiffen und Booten auf dem Wasser, darunter ein großes Segelschiff im Hintergrund, sowie die städtische Skyline von Hamburg unter einem klaren blauen Himmel.
2026-09-27 10:23:45 - __main__ - INFO - Reprocessing-Fortschritt: status=running, gesamt=98920, versucht=21, abgeschlossen=20, fehlgeschlagen=0, fehlend=0, in_arbeit=1, offen=98900
2026-09-27 10:24:24 - filemind.routing.router - INFO - Rohes Smart-Name-Ergebnis: 'hafen_boat_hamburg_sea_ships_beach_voyage'
2026-09-27 10:24:24 - filemind.routing.router - INFO - AI-Naming schlägt vor: 2014-11-01_hafen_boat_hamburg_sea_ships_beach_voyage.jpg
2026-09-27 10:24:45 - __main__ - INFO - Reprocessing-Fortschritt: status=running, gesamt=98920, versucht=21, abgeschlossen=20, fehlgeschlagen=0, fehlend=0, in_arbeit=1, offen=98900
2026-09-27 10:25:45 - __main__ - INFO - Reprocessing-Fortschritt: status=running, gesamt=98920, versucht=21, abgeschlossen=20, fehlgeschlagen=0, fehlend=0, in_arbeit=1, offen=98900
2026-09-27 10:26:00 - filemind.integrations.ai_naming - WARNING - KI-Ortserkennung lieferte kein gültiges JSON; Ortsangaben verworfen
2026-09-27 10:26:06 - filemind.routing.router - INFO - Klassifizierung: 1.3.46.670589.11.42025.5.0.7344.2023022310300131964.dcm -> other (Vertrauen: 0.50)
2026-09-27 10:26:06 - filemind.integrations.ai_naming - INFO - Generiere Namen für: 1.3.46.670589.11.42025.5.0.7344.2023022310300131964.dcm (Typ: other)
2026-09-27 10:26:06 - filemind.routing.router - INFO - Rohes Smart-Name-Ergebnis: 'datei_1.3.46.670589.11.420'
2026-09-27 10:26:06 - filemind.routing.router - INFO - AI-Naming schlägt vor: 2023-02-26_datei_134667058911.dcm
2026-09-27 10:26:06 - filemind.integrations.metadata_extractor - INFO - Metadaten verarbeitet: 1.3.46.670589.11.42025.5.0.7344.2023022310300131964.dcm -> file_dcm_20230226_152015_523.5kb
2026-09-27 10:26:07 - filemind.routing.router - INFO - Klassifizierung: text.cpython-313.pyc -> other (Vertrauen: 0.50)
2026-09-27 10:26:07 - filemind.integrations.ai_naming - INFO - Generiere Namen für: text.cpython-313.pyc (Typ: other)
2026-09-27 10:26:07 - filemind.routing.router - INFO - Rohes Smart-Name-Ergebnis: 'datei_text.cpython-313'
2026-09-27 10:26:07 - filemind.routing.router - INFO - AI-Naming schlägt vor: 2026-02-07_datei_text.pyc
2026-09-27 10:26:07 - filemind.integrations.metadata_extractor - INFO - Metadaten verarbeitet: text.cpython-313.pyc -> file_pyc_20260207_181144_58.9kb
2026-09-27 10:26:44 - filemind.integrations.ocr - INFO - OCR erfolgreich für 'DSC_4202.JPG' - erkannter Text-Länge: 75
2026-09-27 10:26:45 - filemind.classification.classifier - INFO - Bildentscheidung: DSC_4202.JPG | OCR-Wörter=18 (Dokument-Schwelle >= 15) | Farbigkeit=47.3 (Dokument-Schwelle <= 13.0) | Ergebnis=Foto | Grund=Farbwert über der Dokument-Schwelle
2026-09-27 10:26:45 - filemind.routing.router - INFO - Klassifizierung: DSC_4202.JPG -> real_image (Vertrauen: 0.90)
2026-09-27 10:26:45 - filemind.integrations.ai_naming - INFO - Generiere Namen für: DSC_4202.JPG (Typ: real_image)
2026-09-27 10:26:45 - __main__ - INFO - Reprocessing-Fortschritt: status=running, gesamt=98920, versucht=24, abgeschlossen=23, fehlgeschlagen=0, fehlend=0, in_arbeit=1, offen=98897
2026-09-27 10:27:45 - __main__ - INFO - Reprocessing-Fortschritt: status=running, gesamt=98920, versucht=24, abgeschlossen=23, fehlgeschlagen=0, fehlend=0, in_arbeit=1, offen=98897
2026-09-27 10:28:45 - __main__ - INFO - Reprocessing-Fortschritt: status=running, gesamt=98920, versucht=24, abgeschlossen=23, fehlgeschlagen=0, fehlend=0, in_arbeit=1, offen=98897
2026-09-27 10:29:45 - __main__ - INFO - Reprocessing-Fortschritt: status=running, gesamt=98920, versucht=24, abgeschlossen=23, fehlgeschlagen=0, fehlend=0, in_arbeit=1, offen=98897
2026-09-27 10:30:45 - __main__ - INFO - Reprocessing-Fortschritt: status=running, gesamt=98920, versucht=24, abgeschlossen=23, fehlgeschlagen=0, fehlend=0, in_arbeit=1, offen=98897
2026-09-27 10:31:45 - __main__ - INFO - Reprocessing-Fortschritt: status=running, gesamt=98920, versucht=24, abgeschlossen=23, fehlgeschlagen=0, fehlend=0, in_arbeit=1, offen=98897
2026-09-27 10:32:45 - __main__ - INFO - Reprocessing-Fortschritt: status=running, gesamt=98920, versucht=24, abgeschlossen=23, fehlgeschlagen=0, fehlend=0, in_arbeit=1, offen=98897
2026-09-27 10:33:45 - __main__ - INFO - Reprocessing-Fortschritt: status=running, gesamt=98920, versucht=24, abgeschlossen=23, fehlgeschlagen=0, fehlend=0, in_arbeit=1, offen=98897
2026-09-27 10:34:45 - __main__ - INFO - Reprocessing-Fortschritt: status=running, gesamt=98920, versucht=24, abgeschlossen=23, fehlgeschlagen=0, fehlend=0, in_arbeit=1, offen=98897
2026-09-27 10:35:45 - __main__ - INFO - Reprocessing-Fortschritt: status=running, gesamt=98920, versucht=24, abgeschlossen=23, fehlgeschlagen=0, fehlend=0, in_arbeit=1, offen=98897
2026-09-27 10:36:45 - __main__ - INFO - Reprocessing-Fortschritt: status=running, gesamt=98920, versucht=24, abgeschlossen=23, fehlgeschlagen=0, fehlend=0, in_arbeit=1, offen=98897
2026-09-27 10:37:45 - __main__ - INFO - Reprocessing-Fortschritt: status=running, gesamt=98920, versucht=24, abgeschlossen=23, fehlgeschlagen=0, fehlend=0, in_arbeit=1, offen=98897
2026-09-27 10:38:45 - __main__ - INFO - Reprocessing-Fortschritt: status=running, gesamt=98920, versucht=24, abgeschlossen=23, fehlgeschlagen=0, fehlend=0, in_arbeit=1, offen=98897
2026-09-27 10:39:45 - __main__ - INFO - Reprocessing-Fortschritt: status=running, gesamt=98920, versucht=24, abgeschlossen=23, fehlgeschlagen=0, fehlend=0, in_arbeit=1, offen=98897
2026-09-27 10:39:58 - filemind.integrations.ai_naming.ollama - INFO - Bildbeschreibung für DSC_4202.JPG: Die belebte Nachtstraße in Japan ist von leuchtenden Schildern und einer riesigen Krabbe über der Fassade eines Restaurants geprägt.
2026-09-27 10:40:14 - filemind.routing.router - INFO - Rohes Smart-Name-Ergebnis: 'nachtstrac398e_japan_krabbe_schilder_1234'
2026-09-27 10:40:14 - filemind.routing.router - INFO - AI-Naming schlägt vor: 2016-03-30_nachtstrac398e_japan_krabbe_schilder_1234.jpg
2026-09-27 10:40:45 - __main__ - INFO - Reprocessing-Fortschritt: status=running, gesamt=98920, versucht=24, abgeschlossen=23, fehlgeschlagen=0, fehlend=0, in_arbeit=1, offen=98897
2026-09-27 10:41:45 - __main__ - INFO - Reprocessing-Fortschritt: status=running, gesamt=98920, versucht=24, abgeschlossen=23, fehlgeschlagen=0, fehlend=0, in_arbeit=1, offen=98897
2026-09-27 10:41:50 - filemind.integrations.ai_naming - WARNING - KI-Ortserkennung lieferte kein gültiges JSON; Ortsangaben verworfen
2026-09-27 10:42:28 - filemind.integrations.ocr - INFO - OCR erfolgreich für 'P1010885.JPG' - erkannter Text-Länge: 59
2026-09-27 10:42:28 - filemind.classification.classifier - INFO - Bildentscheidung: P1010885.JPG | OCR-Wörter=16 (Dokument-Schwelle >= 15) | Farbigkeit=14.6 (Dokument-Schwelle <= 13.0) | Ergebnis=Foto | Grund=Farbwert über der Dokument-Schwelle
2026-09-27 10:42:28 - filemind.routing.router - INFO - Klassifizierung: P1010885.JPG -> real_image (Vertrauen: 0.90)
2026-09-27 10:42:28 - filemind.integrations.ai_naming - INFO - Generiere Namen für: P1010885.JPG (Typ: real_image)
2026-09-27 10:42:45 - __main__ - INFO - Reprocessing-Fortschritt: status=running, gesamt=98920, versucht=25, abgeschlossen=24, fehlgeschlagen=0, fehlend=0, in_arbeit=1, offen=98896
2026-09-27 10:43:45 - __main__ - INFO - Reprocessing-Fortschritt: status=running, gesamt=98920, versucht=25, abgeschlossen=24, fehlgeschlagen=0, fehlend=0, in_arbeit=1, offen=98896
2026-09-27 10:44:45 - __main__ - INFO - Reprocessing-Fortschritt: status=running, gesamt=98920, versucht=25, abgeschlossen=24, fehlgeschlagen=0, fehlend=0, in_arbeit=1, offen=98896
2026-09-27 10:45:45 - __main__ - INFO - Reprocessing-Fortschritt: status=running, gesamt=98920, versucht=25, abgeschlossen=24, fehlgeschlagen=0, fehlend=0, in_arbeit=1, offen=98896
2026-09-27 10:46:45 - __main__ - INFO - Reprocessing-Fortschritt: status=running, gesamt=98920, versucht=25, abgeschlossen=24, fehlgeschlagen=0, fehlend=0, in_arbeit=1, offen=98896
2026-09-27 10:47:45 - __main__ - INFO - Reprocessing-Fortschritt: status=running, gesamt=98920, versucht=25, abgeschlossen=24, fehlgeschlagen=0, fehlend=0, in_arbeit=1, offen=98896
2026-09-27 10:48:45 - __main__ - INFO - Reprocessing-Fortschritt: status=running, gesamt=98920, versucht=25, abgeschlossen=24, fehlgeschlagen=0, fehlend=0, in_arbeit=1, offen=98896
2026-09-27 10:49:45 - __main__ - INFO - Reprocessing-Fortschritt: status=running, gesamt=98920, versucht=25, abgeschlossen=24, fehlgeschlagen=0, fehlend=0, in_arbeit=1, offen=98896
2026-09-27 10:50:45 - __main__ - INFO - Reprocessing-Fortschritt: status=running, gesamt=98920, versucht=25, abgeschlossen=24, fehlgeschlagen=0, fehlend=0, in_arbeit=1, offen=98896
2026-09-27 10:51:45 - __main__ - INFO - Reprocessing-Fortschritt: status=running, gesamt=98920, versucht=25, abgeschlossen=24, fehlgeschlagen=0, fehlend=0, in_arbeit=1, offen=98896
2026-09-27 10:52:45 - __main__ - INFO - Reprocessing-Fortschritt: status=running, gesamt=98920, versucht=25, abgeschlossen=24, fehlgeschlagen=0, fehlend=0, in_arbeit=1, offen=98896
2026-09-27 10:53:45 - __main__ - INFO - Reprocessing-Fortschritt: status=running, gesamt=98920, versucht=25, abgeschlossen=24, fehlgeschlagen=0, fehlend=0, in_arbeit=1, offen=98896
2026-09-27 10:54:45 - __main__ - INFO - Reprocessing-Fortschritt: status=running, gesamt=98920, versucht=25, abgeschlossen=24, fehlgeschlagen=0, fehlend=0, in_arbeit=1, offen=98896
2026-09-27 10:55:22 - filemind.integrations.ai_naming.ollama - INFO - Bildbeschreibung für P1010885.JPG: Die Aufnahme zeigt eine städtische Szene mit einem markanten, hohen, gebogenen Gebäude im Zentrum einer Straße, die von einer Überdachung und Straßenlaternen umgeben ist.
2026-09-27 10:55:39 - filemind.routing.router - INFO - Rohes Smart-Name-Ergebnis: 'stadt_bau_oberflaeche_hochbau_gebogen'
2026-09-27 10:55:39 - filemind.routing.router - INFO - AI-Naming schlägt vor: 2016-04-10_stadt_bau_oberflaeche_hochbau_gebogen.jpg
2026-09-27 10:55:45 - __main__ - INFO - Reprocessing-Fortschritt: status=running, gesamt=98920, versucht=25, abgeschlossen=24, fehlgeschlagen=0, fehlend=0, in_arbeit=1, offen=98896
2026-09-27 10:56:45 - __main__ - INFO - Reprocessing-Fortschritt: status=running, gesamt=98920, versucht=25, abgeschlossen=24, fehlgeschlagen=0, fehlend=0, in_arbeit=1, offen=98896
2026-09-27 10:57:14 - filemind.integrations.ai_naming - WARNING - KI-Ortserkennung lieferte kein gültiges JSON; Ortsangaben verworfen
2026-09-27 10:57:15 - filemind.integrations.ocr - ERROR - Nicht unterstütztes Format: .NEF
2026-09-27 10:57:15 - filemind.classification.classifier - INFO - Bildentscheidung: DSC_6427.NEF | OCR-Wörter=0 (Dokument-Schwelle >= 15) | Farbigkeit=nicht ermittelt (Dokument-Schwelle <= 13.0; bei zu wenig OCR-Text nicht geprüft) | Ergebnis=Foto | Grund=zu wenige OCR-Wörter und kein Scan-/TIFF-Fallback
2026-09-27 10:57:15 - filemind.routing.router - INFO - Klassifizierung: DSC_6427.NEF -> real_image (Vertrauen: 0.90)
2026-09-27 10:57:15 - filemind.integrations.ai_naming - INFO - Generiere Namen für: DSC_6427.NEF (Typ: real_image)
2026-09-27 10:57:45 - __main__ - INFO - Reprocessing-Fortschritt: status=running, gesamt=98920, versucht=26, abgeschlossen=25, fehlgeschlagen=0, fehlend=0, in_arbeit=1, offen=98895
2026-09-27 10:58:45 - __main__ - INFO - Reprocessing-Fortschritt: status=running, gesamt=98920, versucht=26, abgeschlossen=25, fehlgeschlagen=0, fehlend=0, in_arbeit=1, offen=98895
2026-09-27 10:59:45 - __main__ - INFO - Reprocessing-Fortschritt: status=running, gesamt=98920, versucht=26, abgeschlossen=25, fehlgeschlagen=0, fehlend=0, in_arbeit=1, offen=98895
2026-09-27 11:00:45 - __main__ - INFO - Reprocessing-Fortschritt: status=running, gesamt=98920, versucht=26, abgeschlossen=25, fehlgeschlagen=0, fehlend=0, in_arbeit=1, offen=98895
2026-09-27 11:01:45 - __main__ - INFO - Reprocessing-Fortschritt: status=running, gesamt=98920, versucht=26, abgeschlossen=25, fehlgeschlagen=0, fehlend=0, in_arbeit=1, offen=98895
2026-09-27 11:02:45 - __main__ - INFO - Reprocessing-Fortschritt: status=running, gesamt=98920, versucht=26, abgeschlossen=25, fehlgeschlagen=0, fehlend=0, in_arbeit=1, offen=98895
2026-09-27 11:03:45 - __main__ - INFO - Reprocessing-Fortschritt: status=running, gesamt=98920, versucht=26, abgeschlossen=25, fehlgeschlagen=0, fehlend=0, in_arbeit=1, offen=98895
2026-09-27 11:04:45 - __main__ - INFO - Reprocessing-Fortschritt: status=running, gesamt=98920, versucht=26, abgeschlossen=25, fehlgeschlagen=0, fehlend=0, in_arbeit=1, offen=98895
2026-09-27 11:05:45 - __main__ - INFO - Reprocessing-Fortschritt: status=running, gesamt=98920, versucht=26, abgeschlossen=25, fehlgeschlagen=0, fehlend=0, in_arbeit=1, offen=98895
2026-09-27 11:06:45 - __main__ - INFO - Reprocessing-Fortschritt: status=running, gesamt=98920, versucht=26, abgeschlossen=25, fehlgeschlagen=0, fehlend=0, in_arbeit=1, offen=98895
2026-09-27 11:07:45 - __main__ - INFO - Reprocessing-Fortschritt: status=running, gesamt=98920, versucht=26, abgeschlossen=25, fehlgeschlagen=0, fehlend=0, in_arbeit=1, offen=98895
2026-09-27 11:08:45 - __main__ - INFO - Reprocessing-Fortschritt: status=running, gesamt=98920, versucht=26, abgeschlossen=25, fehlgeschlagen=0, fehlend=0, in_arbeit=1, offen=98895
2026-09-27 11:09:45 - __main__ - INFO - Reprocessing-Fortschritt: status=running, gesamt=98920, versucht=26, abgeschlossen=25, fehlgeschlagen=0, fehlend=0, in_arbeit=1, offen=98895
2026-09-27 11:10:02 - filemind.integrations.ai_naming.ollama - INFO - Bildbeschreibung für DSC_6427.NEF: Das Bild zeigt eine traditionelle japanische Pagode mit einem steilen Dach und weißen Wänden, die sich vor einer bewölkten Himmel über einem Hügel befindet.
2026-09-27 11:10:18 - filemind.routing.router - INFO - Rohes Smart-Name-Ergebnis: 'pagoda_himmel_wand_berg'
2026-09-27 11:10:18 - filemind.routing.router - INFO - AI-Naming schlägt vor: 2016-04-06_pagoda_himmel_wand_berg.nef
2026-09-27 11:10:45 - __main__ - INFO - Reprocessing-Fortschritt: status=running, gesamt=98920, versucht=26, abgeschlossen=25, fehlgeschlagen=0, fehlend=0, in_arbeit=1, offen=98895
2026-09-27 11:11:45 - __main__ - INFO - Reprocessing-Fortschritt: status=running, gesamt=98920, versucht=26, abgeschlossen=25, fehlgeschlagen=0, fehlend=0, in_arbeit=1, offen=98895
2026-09-27 11:11:52 - filemind.integrations.ai_naming - WARNING - KI-Ortserkennung lieferte kein gültiges JSON; Ortsangaben verworfen
2026-09-27 11:11:53 - filemind.routing.router - INFO - Klassifizierung: 1.3.46.670589.11.42025.5.0.13800.2024100715544879002.dcm -> other (Vertrauen: 0.50)
2026-09-27 11:11:53 - filemind.integrations.ai_naming - INFO - Generiere Namen für: 1.3.46.670589.11.42025.5.0.13800.2024100715544879002.dcm (Typ: other)
2026-09-27 11:11:53 - filemind.routing.router - INFO - Rohes Smart-Name-Ergebnis: 'datei_1.3.46.670589.11.420'
2026-09-27 11:11:53 - filemind.routing.router - INFO - AI-Naming schlägt vor: 2024-10-29_datei_134667058911.dcm
2026-09-27 11:11:53 - filemind.integrations.metadata_extractor - INFO - Metadaten verarbeitet: 1.3.46.670589.11.42025.5.0.13800.2024100715544879002.dcm -> file_dcm_20241029_083019_2.0mb
2026-09-27 11:11:53 - filemind.routing.router - INFO - Klassifizierung: 09-11-2012_212440.m2ts.vix2 -> other (Vertrauen: 0.50)
2026-09-27 11:11:53 - filemind.integrations.ai_naming - INFO - Generiere Namen für: 09-11-2012_212440.m2ts.vix2 (Typ: other)
2026-09-27 11:11:53 - filemind.routing.router - INFO - Rohes Smart-Name-Ergebnis: 'datei_09-11-2012_212440.m2'
2026-09-27 11:11:53 - filemind.routing.router - INFO - AI-Naming schlägt vor: 2014-06-19_datei_09112012_212440.vix2
2026-09-27 11:11:53 - filemind.integrations.metadata_extractor - INFO - Metadaten verarbeitet: 09-11-2012_212440.m2ts.vix2 -> file_vix2_20140619_131900_113.9kb
2026-09-27 11:11:53 - filemind.routing.router - INFO - Klassifizierung: 00022.CPI -> other (Vertrauen: 0.50)
2026-09-27 11:11:53 - filemind.integrations.ai_naming - INFO - Generiere Namen für: 00022.CPI (Typ: other)
2026-09-27 11:11:53 - filemind.routing.router - INFO - Rohes Smart-Name-Ergebnis: 'datei_00022'
2026-09-27 11:11:53 - filemind.routing.router - INFO - AI-Naming schlägt vor: 2012-09-17_datei_00022.cpi
2026-09-27 11:11:53 - filemind.integrations.metadata_extractor - INFO - Metadaten verarbeitet: 00022.CPI -> file_cpi_20120917_213852_4.2kb
2026-09-27 11:11:54 - filemind.integrations.ocr - INFO - OCR erfolgreich für '2026-05-01_Kinders_Puzzle_Spielzeug_Boden_Wohnzimmer.jpg' - erkannter Text-Länge: 0
2026-09-27 11:11:54 - filemind.classification.classifier - INFO - Bildentscheidung: 2026-05-01_Kinders_Puzzle_Spielzeug_Boden_Wohnzimmer.jpg | OCR-Wörter=0 (Dokument-Schwelle >= 15) | Farbigkeit=nicht ermittelt (Dokument-Schwelle <= 13.0; bei zu wenig OCR-Text nicht geprüft) | Ergebnis=Foto | Grund=zu wenige OCR-Wörter und kein Scan-/TIFF-Fallback
2026-09-27 11:11:54 - filemind.routing.router - INFO - Klassifizierung: 2026-05-01_Kinders_Puzzle_Spielzeug_Boden_Wohnzimmer.jpg -> real_image (Vertrauen: 0.90)
2026-09-27 11:11:54 - filemind.integrations.ai_naming - INFO - Generiere Namen für: 2026-05-01_Kinders_Puzzle_Spielzeug_Boden_Wohnzimmer.jpg (Typ: real_image)
2026-09-27 11:12:45 - __main__ - INFO - Reprocessing-Fortschritt: status=running, gesamt=98920, versucht=30, abgeschlossen=29, fehlgeschlagen=0, fehlend=0, in_arbeit=1, offen=98891
2026-09-27 11:13:45 - __main__ - INFO - Reprocessing-Fortschritt: status=running, gesamt=98920, versucht=30, abgeschlossen=29, fehlgeschlagen=0, fehlend=0, in_arbeit=1, offen=98891
2026-09-27 11:14:45 - __main__ - INFO - Reprocessing-Fortschritt: status=running, gesamt=98920, versucht=30, abgeschlossen=29, fehlgeschlagen=0, fehlend=0, in_arbeit=1, offen=98891
2026-09-27 11:15:45 - __main__ - INFO - Reprocessing-Fortschritt: status=running, gesamt=98920, versucht=30, abgeschlossen=29, fehlgeschlagen=0, fehlend=0, in_arbeit=1, offen=98891
2026-09-27 11:16:45 - __main__ - INFO - Reprocessing-Fortschritt: status=running, gesamt=98920, versucht=30, abgeschlossen=29, fehlgeschlagen=0, fehlend=0, in_arbeit=1, offen=98891
2026-09-27 11:17:45 - __main__ - INFO - Reprocessing-Fortschritt: status=running, gesamt=98920, versucht=30, abgeschlossen=29, fehlgeschlagen=0, fehlend=0, in_arbeit=1, offen=98891
2026-09-27 11:18:45 - __main__ - INFO - Reprocessing-Fortschritt: status=running, gesamt=98920, versucht=30, abgeschlossen=29, fehlgeschlagen=0, fehlend=0, in_arbeit=1, offen=98891
2026-09-27 11:19:45 - __main__ - INFO - Reprocessing-Fortschritt: status=running, gesamt=98920, versucht=30, abgeschlossen=29, fehlgeschlagen=0, fehlend=0, in_arbeit=1, offen=98891
2026-09-27 11:20:45 - __main__ - INFO - Reprocessing-Fortschritt: status=running, gesamt=98920, versucht=30, abgeschlossen=29, fehlgeschlagen=0, fehlend=0, in_arbeit=1, offen=98891
2026-09-27 11:21:45 - __main__ - INFO - Reprocessing-Fortschritt: status=running, gesamt=98920, versucht=30, abgeschlossen=29, fehlgeschlagen=0, fehlend=0, in_arbeit=1, offen=98891
2026-09-27 11:22:45 - __main__ - INFO - Reprocessing-Fortschritt: status=running, gesamt=98920, versucht=30, abgeschlossen=29, fehlgeschlagen=0, fehlend=0, in_arbeit=1, offen=98891
2026-09-27 11:23:45 - __main__ - INFO - Reprocessing-Fortschritt: status=running, gesamt=98920, versucht=30, abgeschlossen=29, fehlgeschlagen=0, fehlend=0, in_arbeit=1, offen=98891
2026-09-27 11:24:45 - __main__ - INFO - Reprocessing-Fortschritt: status=running, gesamt=98920, versucht=30, abgeschlossen=29, fehlgeschlagen=0, fehlend=0, in_arbeit=1, offen=98891
2026-09-27 11:25:15 - filemind.integrations.ai_naming.ollama - INFO - Bildbeschreibung für 2026-05-01_Kinders_Puzzle_Spielzeug_Boden_Wohnzimmer.jpg: Zwei Kinder spielen auf einem bunten Spielmatte mit verschiedenen Spielzeugen und einer großen Zahl 8.
2026-09-27 11:25:29 - filemind.routing.router - INFO - Rohes Smart-Name-Ergebnis: 'zweier_kinder_spielzeug_8_bunte_matte'
2026-09-27 11:25:29 - filemind.routing.router - INFO - AI-Naming schlägt vor: 2026-05-01_zweier_kinder_spielzeug_8_bunte_matte.jpg
2026-09-27 11:25:45 - __main__ - INFO - Reprocessing-Fortschritt: status=running, gesamt=98920, versucht=30, abgeschlossen=29, fehlgeschlagen=0, fehlend=0, in_arbeit=1, offen=98891
2026-09-27 11:26:45 - __main__ - INFO - Reprocessing-Fortschritt: status=running, gesamt=98920, versucht=30, abgeschlossen=29, fehlgeschlagen=0, fehlend=0, in_arbeit=1, offen=98891
2026-09-27 11:27:04 - filemind.integrations.ai_naming - WARNING - KI-Ortserkennung lieferte kein gültiges JSON; Ortsangaben verworfen
2026-09-27 11:27:10 - filemind.routing.router - INFO - Klassifizierung: 1.3.46.670589.11.42025.5.0.7344.2022102618361732446.dcm -> other (Vertrauen: 0.50)
2026-09-27 11:27:10 - filemind.integrations.ai_naming - INFO - Generiere Namen für: 1.3.46.670589.11.42025.5.0.7344.2022102618361732446.dcm (Typ: other)
2026-09-27 11:27:10 - filemind.routing.router - INFO - Rohes Smart-Name-Ergebnis: 'datei_1.3.46.670589.11.420'
2026-09-27 11:27:10 - filemind.routing.router - INFO - AI-Naming schlägt vor: 2023-02-26_datei_134667058911.dcm
2026-09-27 11:27:10 - filemind.integrations.metadata_extractor - INFO - Metadaten verarbeitet: 1.3.46.670589.11.42025.5.0.7344.2022102618361732446.dcm -> file_dcm_20230226_184232_299.6kb
2026-09-27 11:27:40 - filemind.integrations.ocr - INFO - OCR erfolgreich für 'DSC_0154_1.JPG' - erkannter Text-Länge: 147
2026-09-27 11:27:40 - filemind.classification.classifier - INFO - Bildentscheidung: DSC_0154_1.JPG | OCR-Wörter=20 (Dokument-Schwelle >= 15) | Farbigkeit=61.3 (Dokument-Schwelle <= 13.0) | Ergebnis=Foto | Grund=Farbwert über der Dokument-Schwelle
2026-09-27 11:27:40 - filemind.routing.router - INFO - Klassifizierung: DSC_0154_1.JPG -> real_image (Vertrauen: 0.90)
2026-09-27 11:27:40 - filemind.integrations.ai_naming - INFO - Generiere Namen für: DSC_0154_1.JPG (Typ: real_image)
2026-09-27 11:27:45 - __main__ - INFO - Reprocessing-Fortschritt: status=running, gesamt=98920, versucht=32, abgeschlossen=31, fehlgeschlagen=0, fehlend=0, in_arbeit=1, offen=98889
2026-09-27 11:28:45 - __main__ - INFO - Reprocessing-Fortschritt: status=running, gesamt=98920, versucht=32, abgeschlossen=31, fehlgeschlagen=0, fehlend=0, in_arbeit=1, offen=98889
2026-09-27 11:29:45 - __main__ - INFO - Reprocessing-Fortschritt: status=running, gesamt=98920, versucht=32, abgeschlossen=31, fehlgeschlagen=0, fehlend=0, in_arbeit=1, offen=98889
2026-09-27 11:30:45 - __main__ - INFO - Reprocessing-Fortschritt: status=running, gesamt=98920, versucht=32, abgeschlossen=31, fehlgeschlagen=0, fehlend=0, in_arbeit=1, offen=98889
2026-09-27 11:31:45 - __main__ - INFO - Reprocessing-Fortschritt: status=running, gesamt=98920, versucht=32, abgeschlossen=31, fehlgeschlagen=0, fehlend=0, in_arbeit=1, offen=98889
2026-09-27 11:32:45 - __main__ - INFO - Reprocessing-Fortschritt: status=running, gesamt=98920, versucht=32, abgeschlossen=31, fehlgeschlagen=0, fehlend=0, in_arbeit=1, offen=98889
2026-09-27 11:33:45 - __main__ - INFO - Reprocessing-Fortschritt: status=running, gesamt=98920, versucht=32, abgeschlossen=31, fehlgeschlagen=0, fehlend=0, in_arbeit=1, offen=98889
2026-09-27 11:34:45 - __main__ - INFO - Reprocessing-Fortschritt: status=running, gesamt=98920, versucht=32, abgeschlossen=31, fehlgeschlagen=0, fehlend=0, in_arbeit=1, offen=98889
2026-09-27 11:35:45 - __main__ - INFO - Reprocessing-Fortschritt: status=running, gesamt=98920, versucht=32, abgeschlossen=31, fehlgeschlagen=0, fehlend=0, in_arbeit=1, offen=98889
2026-09-27 11:36:45 - __main__ - INFO - Reprocessing-Fortschritt: status=running, gesamt=98920, versucht=32, abgeschlossen=31, fehlgeschlagen=0, fehlend=0, in_arbeit=1, offen=98889
2026-09-27 11:37:45 - __main__ - INFO - Reprocessing-Fortschritt: status=running, gesamt=98920, versucht=32, abgeschlossen=31, fehlgeschlagen=0, fehlend=0, in_arbeit=1, offen=98889
2026-09-27 11:38:45 - __main__ - INFO - Reprocessing-Fortschritt: status=running, gesamt=98920, versucht=32, abgeschlossen=31, fehlgeschlagen=0, fehlend=0, in_arbeit=1, offen=98889
2026-09-27 11:39:45 - __main__ - INFO - Reprocessing-Fortschritt: status=running, gesamt=98920, versucht=32, abgeschlossen=31, fehlgeschlagen=0, fehlend=0, in_arbeit=1, offen=98889
2026-09-27 11:40:31 - filemind.integrations.ai_naming.ollama - INFO - Bildbeschreibung für DSC_0154_1.JPG: Vier Personen stehen im Freien unter einem klaren Himmel und posieren für die Kamera.
2026-09-27 11:40:44 - filemind.routing.router - INFO - Rohes Smart-Name-Ergebnis: 'familie_leben_ausserhalb'
2026-09-27 11:40:44 - filemind.routing.router - INFO - AI-Naming schlägt vor: 2015-10-10_familie_leben_ausserhalb.jpg
2026-09-27 11:40:45 - __main__ - INFO - Reprocessing-Fortschritt: status=running, gesamt=98920, versucht=32, abgeschlossen=31, fehlgeschlagen=0, fehlend=0, in_arbeit=1, offen=98889
2026-09-27 11:41:45 - __main__ - INFO - Reprocessing-Fortschritt: status=running, gesamt=98920, versucht=32, abgeschlossen=31, fehlgeschlagen=0, fehlend=0, in_arbeit=1, offen=98889
2026-09-27 11:42:19 - filemind.integrations.ai_naming - WARNING - KI-Ortserkennung lieferte kein gültiges JSON; Ortsangaben verworfen
2026-09-27 11:42:42 - filemind.integrations.ocr - INFO - OCR erfolgreich für 'DSC_8096.JPG' - erkannter Text-Länge: 0
2026-09-27 11:42:42 - filemind.classification.classifier - INFO - Bildentscheidung: DSC_8096.JPG | OCR-Wörter=0 (Dokument-Schwelle >= 15) | Farbigkeit=nicht ermittelt (Dokument-Schwelle <= 13.0; bei zu wenig OCR-Text nicht geprüft) | Ergebnis=Foto | Grund=zu wenige OCR-Wörter und kein Scan-/TIFF-Fallback
2026-09-27 11:42:42 - filemind.routing.router - INFO - Klassifizierung: DSC_8096.JPG -> real_image (Vertrauen: 0.90)
2026-09-27 11:42:42 - filemind.integrations.ai_naming - INFO - Generiere Namen für: DSC_8096.JPG (Typ: real_image)
2026-09-27 11:42:45 - __main__ - INFO - Reprocessing-Fortschritt: status=running, gesamt=98920, versucht=33, abgeschlossen=32, fehlgeschlagen=0, fehlend=0, in_arbeit=1, offen=98888
2026-09-27 11:43:45 - __main__ - INFO - Reprocessing-Fortschritt: status=running, gesamt=98920, versucht=33, abgeschlossen=32, fehlgeschlagen=0, fehlend=0, in_arbeit=1, offen=98888
2026-09-27 11:44:45 - __main__ - INFO - Reprocessing-Fortschritt: status=running, gesamt=98920, versucht=33, abgeschlossen=32, fehlgeschlagen=0, fehlend=0, in_arbeit=1, offen=98888
2026-09-27 11:45:45 - __main__ - INFO - Reprocessing-Fortschritt: status=running, gesamt=98920, versucht=33, abgeschlossen=32, fehlgeschlagen=0, fehlend=0, in_arbeit=1, offen=98888
2026-09-27 11:46:45 - __main__ - INFO - Reprocessing-Fortschritt: status=running, gesamt=98920, versucht=33, abgeschlossen=32, fehlgeschlagen=0, fehlend=0, in_arbeit=1, offen=98888
2026-09-27 11:47:45 - __main__ - INFO - Reprocessing-Fortschritt: status=running, gesamt=98920, versucht=33, abgeschlossen=32, fehlgeschlagen=0, fehlend=0, in_arbeit=1, offen=98888
2026-09-27 11:48:45 - __main__ - INFO - Reprocessing-Fortschritt: status=running, gesamt=98920, versucht=33, abgeschlossen=32, fehlgeschlagen=0, fehlend=0, in_arbeit=1, offen=98888
